userId,churn,gender,OS_iPad,OS_iPhone,OS_Windows 8.1,OS_Linux,OS_Windows Vista,OS_Windows 8.0,OS_MacOS,OS_Windows XP,OS_Windows 7,paid_percent,mean_hours,stdev_hours,About,Add Friend,Add to Playlist,Downgrade,Error,Help,Home,Logout,NextSong,Roll Advert,Save Settings,Settings,Submit Downgrade,Submit Upgrade,Thumbs Down,Thumbs Up,Upgrade,mean_songs,stdev_songs,num_aritst,mean_session_h,stdev_session_h,num_sessions,days_total_subscription
10,0,1,0,0,0,0,0,0,1,0,0,100.0,7.725295023611108,8.98565713929025,0.25157232704402516,1.509433962264151,1.1320754716981132,0.8805031446540881,0.0,0.12578616352201258,3.7735849056603774,1.3836477987421385,84.65408805031447,0.12578616352201258,0.12578616352201258,0.8805031446540881,0.0,0.0,0.5031446540880503,4.654088050314465,0.0,112.16666666666667,133.3242913600769,566,7.6624537037037035,8.99106144157593,6,51.76265046296297
100,0,1,0,0,0,0,0,0,0,0,1,91.34973900074571,5.497368109395424,5.137933323843454,0.37336652146857496,1.5245799626633478,1.8979464841319227,0.9334163036714374,0.09334163036714374,0.5600497822028625,3.266957062850031,1.088985687616677,83.44741754822651,0.7778469197261979,0.1555693839452396,0.3422526446795271,0.031113876789047916,0.031113876789047916,0.8400746733042938,4.604853764779091,0.031113876789047916,78.88235294117646,74.05762077123393,1706,5.275317460317461,5.133617863821283,35,64.87377314814815
100001,1,0,0,0,0,0,0,0,1,0,0,0.0,2.4356765381944445,1.0550649685563647,0.0,1.0810810810810811,1.6216216216216217,0.0,0.5405405405405406,0.5405405405405406,5.9459459459459465,3.783783783783784,71.89189189189189,7.567567567567568,0.0,0.5405405405405406,0.0,0.0,1.0810810810810811,4.324324324324325,1.0810810810810811,33.25,16.839932699786342,126,2.4693055555555556,1.0511263432652485,4,44.80021990740741
100002,0,0,0,0,0,0,0,0,0,0,1,100.0,3.4416609791666652,5.918536719804807,0.0,0.45871559633027525,2.293577981651376,0.9174311926605505,0.0,0.0,2.7522935779816518,0.45871559633027525,89.44954128440367,1.3761467889908259,0.0,0.0,0.0,0.0,0.0,2.293577981651376,0.0,48.75,84.4289642243703,185,3.3530555555555557,5.901765490541775,4,160.47207175925925
100003,1,0,0,0,0,0,0,0,0,0,1,0.0,1.7092249055555555,2.2650053882341616,0.0,0.0,2.631578947368421,0.0,0.0,1.3157894736842104,9.210526315789473,3.9473684210526314,67.10526315789474,11.842105263157894,0.0,0.0,0.0,0.0,0.0,3.9473684210526314,0.0,25.5,33.23401871576773,51,1.6519444444444444,2.260384677192997,2,22.748113425925926
100004,0,0,0,0,0,0,0,0,0,0,1,48.30148619957537,3.215005406805556,3.8087161352558505,0.0,1.5261044176706828,1.8473895582329318,0.8032128514056224,0.1606425702811245,0.48192771084337355,5.301204819277109,1.5261044176706828,75.66265060240964,6.907630522088354,0.1606425702811245,0.8835341365461846,0.1606425702811245,0.24096385542168677,0.8835341365461846,2.8112449799196786,0.642570281124498,47.1,55.45970561920087,734,3.0997751322751323,3.895201575453904,21,172.44008101851853
100005,1,1,0,0,0,0,0,0,1,0,0,0.0,2.5720223618055558,0.907742830691584,0.0,1.4018691588785046,1.4018691588785046,0.0,0.0,0.9345794392523363,7.009345794392523,1.4018691588785046,71.96261682242991,8.411214953271028,0.0,0.9345794392523363,0.0,0.0,1.4018691588785046,3.2710280373831773,1.8691588785046727,38.5,13.771952173409067,150,2.003111111111111,1.3670390244775181,5,85.19559027777778
100006,1,0,0,0,1,0,0,0,0,0,0,0.0,1.6263586249999997,0.0,0.0,9.523809523809524,2.380952380952381,0.0,0.0,0.0,4.761904761904762,2.380952380952381,61.904761904761905,7.142857142857142,0.0,2.380952380952381,0.0,0.0,4.761904761904762,4.761904761904762,0.0,26.0,0.0,27,1.5572222222222223,0.0,1,9.127164351851851
100007,1,0,0,0,1,0,0,0,0,0,0,100.0,3.2251643493827173,3.782690518788719,0.0,3.2818532818532815,1.7374517374517375,1.3513513513513513,0.0,0.5791505791505791,3.861003861003861,0.9652509652509652,81.66023166023166,0.9652509652509652,0.19305019305019305,0.5791505791505791,0.0,0.0,1.1583011583011582,3.667953667953668,0.0,47.0,55.366957655265836,358,3.156851851851852,3.7899019041264426,9,115.38761574074074
100008,0,0,0,0,0,0,0,0,1,0,0,93.39378238341969,8.8609627787037,12.599651596167808,0.3191489361702127,1.8085106382978722,3.1914893617021276,1.0638297872340425,0.0,0.6382978723404255,2.553191489361702,0.7446808510638299,82.12765957446808,2.127659574468085,0.0,0.3191489361702127,0.10638297872340426,0.0,0.6382978723404255,3.9361702127659575,0.425531914893617,128.66666666666666,182.12816000461507,624,8.804212962962964,12.54121718207295,6,68.22856481481482
100009,1,1,0,0,0,0,0,0,0,0,1,53.861003861003866,3.604049713333334,3.3479496757916656,0.14947683109118087,1.046337817638266,1.7937219730941705,0.7473841554559043,0.0,0.8968609865470852,3.43796711509716,1.9431988041853512,77.42899850523169,6.278026905829597,0.14947683109118087,0.5979073243647235,0.14947683109118087,0.14947683109118087,1.195814648729447,3.43796711509716,0.5979073243647235,51.8,48.859890389652826,443,3.532694444444444,3.3486812711874165,10,37.43827546296296
100010,0,0,0,1,0,0,0,0,0,0,0,0.0,2.6563848154761907,1.5940891633984364,0.26246719160104987,1.0498687664041995,1.837270341207349,0.0,0.0,0.5249343832020997,2.8871391076115485,1.3123359580052494,72.17847769028872,13.648293963254593,0.0,0.0,0.0,0.0,1.3123359580052494,4.4619422572178475,0.5249343832020997,39.285714285714285,22.96166577663945,253,2.574722222222223,1.5888758093219746,7,55.64365740740741
100011,1,1,0,0,0,0,0,0,0,0,1,0.0,0.7893609722222221,0.0,0.0,0.0,9.523809523809524,0.0,0.0,0.0,19.047619047619047,0.0,52.38095238095239,9.523809523809524,0.0,4.761904761904762,0.0,0.0,4.761904761904762,0.0,0.0,11.0,0.0,12,0.7397222222222222,0.0,1,5.165115740740741
100012,1,1,0,0,0,0,0,0,1,0,0,46.42857142857143,5.347377458796296,4.07916964051301,0.16722408026755853,0.33444816053511706,2.0066889632107023,0.6688963210702341,0.0,0.33444816053511706,4.51505016722408,1.0033444816053512,79.59866220735786,6.354515050167224,0.0,0.0,0.16722408026755853,0.16722408026755853,1.5050167224080269,3.0100334448160537,0.16722408026755853,79.33333333333333,60.69156998024244,398,4.523968253968254,4.215980229206834,7,43.05261574074074
100013,1,0,0,0,0,0,0,0,0,0,1,80.37135278514589,5.991277651923077,4.298397627817124,0.14388489208633093,2.014388489208633,2.2302158273381294,0.935251798561151,0.14388489208633093,0.6474820143884892,3.8129496402877696,0.935251798561151,81.36690647482014,2.805755395683453,0.2158273381294964,0.5035971223021583,0.0,0.07194244604316546,1.079136690647482,2.805755395683453,0.28776978417266186,87.0,62.36585604319082,827,5.4999801587301596,4.413800266526105,14,44.17873842592593
100014,1,1,0,0,0,0,0,0,0,0,1,100.0,3.134420003703703,1.7543652306205215,0.0,1.948051948051948,2.272727272727273,0.974025974025974,0.0,0.6493506493506493,2.272727272727273,0.974025974025974,83.44155844155844,0.6493506493506493,0.0,0.3246753246753247,0.0,0.0,0.974025974025974,5.51948051948052,0.0,42.833333333333336,24.400136611639425,234,3.0802314814814817,1.7541325317050616,6,85.08340277777778
100015,1,0,0,0,0,0,0,0,1,0,0,40.75,4.505044364583334,3.3166317434016,0.38167938931297707,1.3358778625954197,2.099236641221374,0.4770992366412214,0.09541984732824427,0.5725190839694656,4.484732824427481,1.717557251908397,76.33587786259542,6.583969465648855,0.09541984732824427,0.6679389312977099,0.09541984732824427,0.19083969465648853,0.7633587786259541,3.3396946564885495,0.7633587786259541,66.66666666666667,49.08496035786658,628,4.6432407407407394,3.442402733375406,12,67.87921296296297
100016,0,1,0,0,0,1,0,0,0,0,0,86.22641509433963,4.49224834513889,5.4574619247502385,0.1567398119122257,2.037617554858934,0.9404388714733543,0.9404388714733543,0.1567398119122257,0.4702194357366771,3.2915360501567394,1.4106583072100314,83.07210031347962,2.507836990595611,0.0,0.1567398119122257,0.1567398119122257,0.0,0.7836990595611284,3.918495297805643,0.0,66.25,81.14141095290721,432,4.423402777777778,5.458937261613708,8,75.01533564814815
100017,1,1,0,1,0,0,0,0,0,0,0,0.0,3.4060342777777772,0.0,0.0,0.0,1.36986301369863,0.0,0.0,0.0,4.10958904109589,0.0,71.23287671232876,19.17808219178082,0.0,0.0,0.0,0.0,1.36986301369863,2.73972602739726,0.0,52.0,0.0,52,3.321111111111111,0.0,1,78.88440972222222
100018,0,1,0,0,0,0,0,0,1,0,0,58.183632734530946,3.4518101059722226,4.182321777526532,0.07763975155279502,1.7857142857142856,2.406832298136646,0.6987577639751553,0.0,0.5434782608695652,3.3385093167701863,1.3198757763975155,77.79503105590062,6.211180124223603,0.2329192546583851,0.6987577639751553,0.15527950310559005,0.15527950310559005,0.6987577639751553,3.571428571428571,0.3105590062111801,50.1,60.29043740184063,781,3.21978835978836,4.129063863227453,21,110.71211805555555
100019,1,1,0,0,0,1,0,0,0,0,0,0.0,2.164592926388888,1.0922248194154096,1.1494252873563218,2.2988505747126435,2.2988505747126435,0.0,0.0,1.1494252873563218,4.597701149425287,2.2988505747126435,71.26436781609196,12.643678160919542,0.0,0.0,0.0,0.0,1.1494252873563218,1.1494252873563218,0.0,31.0,16.97056274847714,62,2.127222222222222,1.0948369995371714,2,31.19925925925926
100021,1,1,0,0,0,0,0,0,1,0,0,0.0,3.201843091111111,3.5951139397524394,0.31545741324921134,2.2082018927444795,2.2082018927444795,0.0,0.6309148264984227,0.0,4.73186119873817,2.2082018927444795,72.55520504731862,9.46372239747634,0.0,0.0,0.0,0.0,1.5772870662460567,3.4700315457413247,0.6309148264984227,46.0,52.53094326204318,208,3.587111111111111,3.9257923071906813,5,64.73886574074074
100022,1,0,0,0,0,0,0,0,1,0,0,0.0,2.341836981805555,2.4023612743976206,0.10395010395010396,1.1434511434511436,1.4553014553014554,0.0,0.10395010395010396,0.6237006237006237,3.8461538461538463,1.4553014553014554,70.79002079002079,11.954261954261955,0.2079002079002079,0.8316008316008316,0.0,0.0,2.079002079002079,4.677754677754678,0.7276507276507277,34.05,36.41207867843047,556,2.271138888888889,2.399606279805746,20,47.92025462962963
100023,1,1,0,0,0,0,0,0,0,0,1,93.61179361179362,2.8749496108333332,2.988848472410611,0.20325203252032523,2.8455284552845526,2.2357723577235773,1.8292682926829267,0.0,0.6097560975609756,4.0650406504065035,1.0162601626016259,82.72357723577237,1.2195121951219512,0.0,0.40650406504065045,0.0,0.20325203252032523,0.40650406504065045,2.0325203252032518,0.20325203252032523,40.7,41.64946311512044,351,2.8526666666666665,2.9874127085754365,10,32.362118055555555
100024,1,1,0,0,0,0,0,0,0,0,1,0.0,1.4334811305555555,0.0,0.0,0.0,0.0,0.0,0.0,0.0,2.941176470588235,0.0,64.70588235294117,8.823529411764707,0.0,8.823529411764707,0.0,0.0,0.0,14.705882352941178,0.0,22.0,0.0,23,1.4208333333333334,0.0,1,27.22165509259259
100025,1,0,0,0,0,0,0,0,1,0,0,68.77551020408164,4.7235332634920635,6.616114992907174,0.1610305958132045,0.4830917874396135,1.4492753623188406,0.8051529790660225,0.1610305958132045,0.8051529790660225,4.99194847020934,1.1272141706924315,78.90499194847021,4.830917874396135,0.4830917874396135,1.1272141706924315,0.1610305958132045,0.0,1.1272141706924315,3.22061191626409,0.1610305958132045,70.0,98.15633788333113,411,5.1932142857142845,7.5357176929997225,7,88.81461805555556
101,1,1,0,0,0,0,0,1,0,0,0,96.99499165275459,12.429555963055552,14.92789006740804,0.09315323707498836,1.3507219375873312,2.841173730787145,1.0246856078248718,0.13972985561248255,0.5589194224499302,3.4466697717745696,1.1178388448998604,83.69818351187703,0.37261294829995345,0.09315323707498836,0.41918956683744757,0.0,0.04657661853749418,0.7452258965999069,4.005589194224499,0.04657661853749418,179.7,216.24320156301383,1242,13.626333333333331,16.632464583892272,10,53.9659375
102,0,1,0,0,0,0,0,0,0,0,1,0.0,1.4662805055555552,1.089870795592118,0.0,0.0,0.49504950495049505,0.0,0.49504950495049505,0.0,5.445544554455446,2.4752475247524752,78.21782178217822,8.415841584158416,0.0,0.49504950495049505,0.0,0.0,0.9900990099009901,2.9702970297029703,0.0,19.75,14.360163150684803,153,1.3996180555555555,1.1024858169501677,8,64.68184027777778
103,1,0,0,0,0,0,0,0,1,0,0,81.91985088536813,7.423692608888888,10.610519640183986,0.0764525993883792,1.91131498470948,3.211009174311927,0.9938837920489296,0.0,0.5351681957186544,3.4403669724770642,1.0703363914373087,82.03363914373088,1.0703363914373087,0.0764525993883792,0.382262996941896,0.0764525993883792,0.1529051987767584,0.6880733944954129,3.9755351681957185,0.3058103975535168,107.3,156.7815536201742,835,6.694520202020201,10.291384976719957,11,42.13234953703704
104,0,0,0,0,0,0,0,0,0,0,1,84.72768107804605,4.718957919337606,4.467753329063881,0.14071294559099437,1.0787992495309568,2.016885553470919,1.125703564727955,0.04690431519699812,0.7035647279549718,3.8461538461538463,0.9849906191369606,83.53658536585365,1.0787992495309568,0.09380863039399624,0.42213883677298314,0.0,0.04690431519699812,0.797373358348968,3.9399624765478425,0.14071294559099437,68.5,64.60727513213972,1215,4.683899572649572,4.476776938384817,26,125.58270833333333
105,1,1,0,0,0,0,0,0,0,0,1,96.59685863874346,10.79708116611111,7.492365513723252,0.10917030567685589,1.4192139737991267,1.3100436681222707,1.0917030567685588,0.21834061135371177,0.21834061135371177,3.820960698689956,1.3100436681222707,83.4061135371179,0.21834061135371177,0.32751091703056767,0.7641921397379913,0.0,0.10917030567685589,0.6550218340611353,4.912663755458515,0.10917030567685589,152.8,109.20943182710914,625,10.856722222222222,7.51781481797375,5,29.607175925925926
106,1,0,0,0,0,0,0,0,1,0,0,87.36591179976162,4.769816742592592,3.698969287476798,0.0,2.876984126984127,2.7777777777777777,0.2976190476190476,0.0,0.496031746031746,3.273809523809524,1.0912698412698412,83.23412698412699,0.3968253968253968,0.0992063492063492,0.3968253968253968,0.0,0.0992063492063492,0.5952380952380952,4.265873015873016,0.0992063492063492,69.91666666666667,54.264433912819804,654,4.7960416666666665,3.7473694011668917,12,40.357511574074074
107,0,0,0,0,0,0,0,0,0,0,1,0.0,4.295279330555557,4.842394321215599,0.0,0.6349206349206349,3.1746031746031744,0.0,0.0,0.0,3.492063492063492,1.5873015873015872,78.0952380952381,6.031746031746032,0.31746031746031744,0.31746031746031744,0.0,0.0,0.6349206349206349,4.444444444444445,1.2698412698412698,61.5,70.29698902987714,225,4.271875,4.879346402499665,4,74.21925925925926
108,0,0,0,0,0,0,0,0,1,0,0,77.40916271721959,7.247351789351853,7.589135195750684,0.13089005235602094,1.963350785340314,1.963350785340314,0.2617801047120419,0.0,0.6544502617801047,3.7958115183246073,1.1780104712041886,82.85340314136126,2.486910994764398,0.2617801047120419,0.7853403141361256,0.0,0.13089005235602094,0.7853403141361256,2.6178010471204187,0.13089005235602094,105.5,112.42553090824167,510,7.213796296296297,7.593102697182414,6,62.23815972222222
109,0,0,0,0,0,0,0,0,0,0,1,88.8423988842399,4.142614390277777,4.8220473035476905,0.11614401858304298,1.3937282229965158,1.8583042973286876,1.3937282229965158,0.0,1.1614401858304297,3.948896631823461,1.3937282229965158,83.27526132404182,0.8130081300813009,0.11614401858304298,0.6968641114982579,0.11614401858304298,0.11614401858304298,0.5807200929152149,2.671312427409988,0.34843205574912894,59.75,69.74254603377143,581,4.105624999999999,4.851541874451242,12,87.99846064814815
11,0,0,0,0,0,0,0,0,0,0,1,29.675425038639876,2.772047969444445,2.754383050218178,0.8254716981132075,0.7075471698113208,2.358490566037736,0.589622641509434,0.1179245283018868,0.3537735849056604,4.363207547169811,1.650943396226415,76.29716981132076,4.599056603773585,0.2358490566037736,0.7075471698113208,0.1179245283018868,0.2358490566037736,1.0613207547169812,4.716981132075472,1.0613207547169812,40.4375,38.78826068112189,535,2.6896180555555556,2.757270987984882,16,124.47825231481481
110,0,1,0,0,0,0,0,0,1,0,0,0.0,2.5751987833333336,2.174773319242073,0.425531914893617,2.9787234042553195,1.276595744680851,0.0,0.0,0.0,4.25531914893617,0.851063829787234,75.74468085106383,7.234042553191489,0.0,0.425531914893617,0.0,0.0,0.851063829787234,5.957446808510639,0.0,35.6,29.279685790663805,164,3.218944444444445,2.880232888014011,5,68.3830787037037
111,0,0,0,0,0,0,0,0,0,0,1,86.10315186246417,6.907774675000001,7.32542924398272,0.12048192771084339,2.7710843373493974,2.5301204819277108,0.7228915662650602,0.24096385542168677,0.3614457831325301,2.891566265060241,0.7228915662650602,84.09638554216868,0.3614457831325301,0.0,0.12048192771084339,0.0,0.12048192771084339,0.7228915662650602,4.096385542168675,0.12048192771084339,99.71428571428571,106.42636622835258,562,7.708968253968254,8.235044548257598,7,82.22630787037038
112,0,1,0,0,0,0,0,0,0,0,1,0.0,1.6377390922839508,1.5178169144718003,0.3424657534246575,2.3972602739726026,2.3972602739726026,0.0,0.0,0.3424657534246575,5.47945205479452,1.0273972602739725,73.63013698630137,7.191780821917808,1.0273972602739725,1.36986301369863,0.0,0.0,1.0273972602739725,3.0821917808219177,0.684931506849315,23.88888888888889,22.75106835098324,196,1.4075277777777777,1.5023444895203109,10,87.46262731481481
113,0,0,0,0,0,0,0,0,1,0,0,95.26813880126183,4.832054734541063,3.152661604695791,0.05277044854881266,1.688654353562005,2.638522427440633,0.8443271767810026,0.15831134564643798,0.36939313984168864,3.7994722955145117,0.9498680738786279,83.64116094986808,0.05277044854881266,0.15831134564643798,0.4221635883905013,0.0,0.05277044854881266,0.6332453825857519,4.327176781002638,0.21108179419525064,68.91304347826087,44.578748548320505,1112,4.558506944444443,3.217753381020914,24,123.53140046296296
114,0,1,0,0,0,0,0,0,0,0,1,91.25386996904025,5.691606154861112,4.877906739980893,0.25856496444731736,0.8403361344537815,2.197802197802198,0.5171299288946347,0.12928248222365868,0.6464124111182934,4.266321913380737,1.098901098901099,83.51648351648352,0.5817711700064642,0.0,0.19392372333548805,0.0,0.06464124111182934,0.7756948933419522,4.783451842275372,0.12928248222365868,80.75,67.9318285734554,933,5.301176470588235,4.904894902633268,17,71.39887731481481
115,0,0,0,0,0,0,0,0,0,0,1,94.76108232584917,11.984655853055552,18.793710992614404,0.24084778420038533,1.8786127167630058,2.023121387283237,1.0115606936416186,0.1445086705202312,0.4335260115606936,2.697495183044316,0.7225433526011561,83.67052023121387,0.5298651252408477,0.2890173410404624,0.674373795761079,0.0,0.04816955684007707,1.1560693641618496,4.431599229287091,0.04816955684007707,173.7,271.75726505672503,1213,11.895222222222223,18.75314070897505,10,74.43959490740741
116,0,0,0,0,0,0,0,0,1,0,0,0.0,1.485443163888889,0.47551395620610404,0.0,2.5316455696202533,5.063291139240507,0.0,0.0,0.0,5.063291139240507,0.0,79.74683544303798,3.79746835443038,1.2658227848101267,1.2658227848101267,0.0,0.0,0.0,1.2658227848101267,0.0,21.0,7.0,61,2.27,0.33609722193524977,3,93.96927083333334
117,0,0,0,0,0,0,0,0,0,0,1,0.0,1.8810652967948722,2.5698264542694913,0.0,2.247191011235955,2.247191011235955,0.0,0.44943820224719105,0.22471910112359553,6.067415730337078,1.348314606741573,77.07865168539327,4.943820224719101,0.22471910112359553,1.348314606741573,0.0,0.0,0.6741573033707865,2.4719101123595504,0.6741573033707865,26.384615384615383,36.518348040262495,299,1.828397435897436,2.5677726797558007,13,72.10061342592593
118,0,0,0,0,0,0,0,1,0,0,0,90.23569023569024,6.8408436250000015,8.17965388076662,0.0697350069735007,1.813110181311018,2.161785216178522,0.9414225941422595,0.0697350069735007,0.4881450488145049,3.3821478382147836,1.0460251046025104,82.84518828451883,0.906555090655509,0.20920502092050208,0.5578800557880056,0.0,0.03486750348675035,0.9414225941422595,4.4281729428172945,0.10460251046025104,99.0,116.60151389874086,1534,6.770949074074072,8.166732824881006,24,63.12707175925926
119,0,0,0,0,0,0,0,1,0,0,0,0.0,2.0702754291666667,1.684771172588089,0.4484304932735426,1.7937219730941705,2.242152466367713,0.0,0.4484304932735426,1.345291479820628,4.932735426008969,0.8968609865470852,77.57847533632287,4.0358744394618835,0.4484304932735426,1.345291479820628,0.0,0.0,0.4484304932735426,3.1390134529147984,0.8968609865470852,28.833333333333332,21.664871720521834,167,2.0111574074074072,1.6770514470552056,6,188.85927083333334
12,1,0,0,0,1,0,0,0,0,0,0,59.976931949250286,6.624090261111111,6.634422412160296,0.2824858757062147,1.2241054613935969,1.7890772128060264,0.4708097928436911,0.18832391713747645,0.5649717514124294,4.3314500941619585,1.0357815442561207,81.63841807909604,1.977401129943503,0.09416195856873823,0.6591337099811676,0.09416195856873823,0.18832391713747645,0.847457627118644,3.954802259887006,0.6591337099811676,96.33333333333333,97.13135436098891,698,7.625709876543208,7.643933084720625,9,73.00452546296296
120,0,0,0,0,0,0,0,0,1,0,0,100.0,7.785743948412695,11.85426836751887,0.2714440825190011,1.1943539630836049,2.3887079261672097,1.0314875135722041,0.05428881650380022,0.2714440825190011,2.768729641693811,1.0314875135722041,85.28773072747015,0.05428881650380022,0.05428881650380022,0.4885993485342019,0.0,0.0,0.7057546145494028,4.397394136807818,0.0,112.21428571428571,169.59960929355785,1118,7.734107142857143,11.843523603367593,14,128.10019675925926
121,1,1,0,0,0,1,0,0,0,0,0,65.28925619834712,3.8264997149572646,4.78917474197879,0.2188183807439825,2.1881838074398248,2.1881838074398248,0.437636761487965,0.0,0.3282275711159737,4.266958424507659,1.9693654266958425,79.43107221006565,3.063457330415755,0.3282275711159737,1.2035010940919038,0.0,0.10940919037199125,0.87527352297593,3.063457330415755,0.3282275711159737,55.84615384615385,70.37618696908558,588,3.7601709401709402,4.7876970601366065,13,131.43560185185186
122,1,0,0,0,0,1,0,0,0,0,0,65.85365853658537,0.8779737907407407,0.9768543887378436,0.0,1.6666666666666667,1.6666666666666667,0.0,0.0,0.0,10.0,1.6666666666666667,68.33333333333333,3.3333333333333335,0.0,1.6666666666666667,0.0,1.6666666666666667,1.6666666666666667,5.0,3.3333333333333335,13.666666666666666,14.153915830374762,42,0.6268055555555555,0.8683588210993598,4,52.81670138888889
123,0,1,0,1,0,0,0,0,0,0,0,0.0,1.2223767753472223,0.6258756738998829,0.0,2.5510204081632653,4.081632653061225,0.0,0.0,0.5102040816326531,3.061224489795918,2.0408163265306123,76.53061224489795,7.142857142857142,0.0,0.5102040816326531,0.0,0.0,0.5102040816326531,2.5510204081632653,0.5102040816326531,18.75,9.617692030835672,148,1.1556250000000001,0.6248859287436379,8,100.19100694444444
124,0,0,0,0,0,0,0,0,1,0,0,100.0,10.042778698313494,9.370878101268762,0.1450777202072539,1.533678756476684,2.44559585492228,0.8497409326424871,0.1243523316062176,0.47668393782383417,3.6476683937823835,1.22279792746114,84.53886010362694,0.08290155440414508,0.1243523316062176,0.41450777202072536,0.0,0.0,0.8497409326424871,3.5440414507772022,0.0,145.67857142857142,137.40587446912284,2233,9.649904214559387,9.380928117286047,29,131.55591435185184
125,1,1,0,0,0,0,0,0,1,0,0,0.0,0.5803091944444445,0.0,0.0,0.0,0.0,0.0,0.0,0.0,0.0,0.0,88.88888888888889,11.11111111111111,0.0,0.0,0.0,0.0,0.0,0.0,0.0,8.0,0.0,9,0.49277777777777776,0.0,1,71.31688657407408
126,0,1,0,0,0,0,0,0,0,0,1,86.72875436554133,6.214938779693485,7.586383861432974,0.2256608639587363,1.0638297872340425,2.321083172147002,0.7092198581560284,0.06447453255963895,0.4835589941972921,3.836234687298517,1.2572533849129592,83.07543520309478,1.1283043197936815,0.1289490651192779,0.548033526756931,0.0,0.032237266279819474,0.6769825918762089,4.352030947775629,0.09671179883945842,88.86206896551724,108.36668048078084,1644,5.958416666666666,7.554873546224047,30,62.09569444444445
127,0,0,0,0,1,0,0,0,0,0,0,100.0,7.29976347647059,7.248832162935203,0.4235294117647058,1.223529411764706,2.447058823529412,0.8470588235294116,0.09411764705882353,0.5647058823529412,3.5294117647058822,1.1764705882352942,83.71764705882353,0.09411764705882353,0.047058823529411764,0.7529411764705882,0.0,0.0,0.7058823529411765,4.376470588235295,0.0,104.6470588235294,103.39604754079734,1222,7.220212418300654,7.236220391668827,17,75.88082175925926
128,0,1,0,0,0,0,0,0,1,0,0,97.16435185185185,7.45568208923611,7.926222775815229,0.14513788098693758,1.3546202225447508,2.564102564102564,0.6773101112723754,0.09675858732462506,0.29027576197387517,3.7735849056603774,1.209482341557813,83.59941944847606,0.5321722302854378,0.04837929366231253,0.5321722302854378,0.0,0.04837929366231253,0.8708272859216255,4.2089985486211905,0.04837929366231253,108.0,116.93873039616372,1164,6.9437581699346405,7.862097089912582,17,95.33168981481481
129,1,1,0,0,1,0,0,0,0,0,0,95.77039274924472,3.7593182217592584,4.642706162232938,0.4878048780487805,2.682926829268293,2.682926829268293,1.951219512195122,0.24390243902439024,0.4878048780487805,3.6585365853658534,1.2195121951219512,80.73170731707317,0.4878048780487805,0.24390243902439024,1.2195121951219512,0.0,0.24390243902439024,1.707317073170732,1.707317073170732,0.24390243902439024,55.166666666666664,68.59567527670143,280,3.1946031746031744,4.491334205317675,7,16.74056712962963
13,0,0,0,1,0,0,0,0,0,0,0,29.609375,2.640059101767677,3.947328532946798,0.36275695284159615,1.9347037484885126,2.2370012091898426,0.48367593712212814,0.0,0.48367593712212814,4.534461910519952,2.1160822249093107,77.38814993954051,4.474002418379685,0.24183796856106407,0.8464328899637243,0.12091898428053204,0.12091898428053204,0.8464328899637243,3.4461910519951635,0.36275695284159615,38.78787878787879,57.47866863876414,930,2.5767929292929286,3.947254148999838,33,119.45459490740741
131,0,1,0,0,0,0,0,0,1,0,0,94.8849104859335,6.365756481045752,4.663265334722357,0.2683843263553409,1.3955984970477724,2.737520128824477,0.8051529790660225,0.2147074610842727,0.6977992485238862,2.898550724637681,0.966183574879227,83.9506172839506,0.2683843263553409,0.10735373054213634,0.5367686527106817,0.10735373054213634,0.05367686527106817,1.0735373054213635,3.864734299516908,0.05367686527106817,92.0,66.5713902513685,1101,5.670409356725147,4.857994556838214,19,120.89991898148148
132,0,0,0,0,0,0,0,0,1,0,0,98.54771784232366,8.387480969444443,8.411844077944691,0.1736111111111111,1.7795138888888888,1.6493055555555556,0.8246527777777778,0.13020833333333331,0.6944444444444444,3.6024305555555554,1.4756944444444444,83.68055555555556,0.08680555555555555,0.1736111111111111,0.7378472222222222,0.0,0.043402777777777776,0.7378472222222222,4.166666666666666,0.043402777777777776,120.5,119.663973971562,1300,8.315850694444444,8.396946451327924,16,66.8891087962963
133,0,1,0,0,1,0,0,0,0,0,0,0.0,2.230323411111111,0.0,0.0,2.272727272727273,6.8181818181818175,0.0,0.0,0.0,6.8181818181818175,4.545454545454546,72.72727272727273,2.272727272727273,0.0,0.0,0.0,0.0,0.0,4.545454545454546,0.0,32.0,0.0,33,2.897777777777778,0.0,1,39.88013888888889
134,0,1,0,0,0,0,0,0,1,0,0,0.0,0.6310210583333333,0.35173889898011756,0.0,0.0,3.8461538461538463,0.0,0.0,0.0,5.769230769230769,1.9230769230769231,71.15384615384616,5.769230769230769,0.0,1.9230769230769231,0.0,0.0,1.9230769230769231,5.769230769230769,1.9230769230769231,9.25,4.9916597106239795,38,0.5902083333333333,0.3476942994564127,4,65.16515046296297
135,0,0,0,0,0,0,0,0,0,0,1,0.0,0.4434568361111111,0.0,0.0,0.0,0.0,0.0,0.0,0.0,0.0,0.0,100.0,0.0,0.0,0.0,0.0,0.0,0.0,0.0,0.0,6.0,0.0,6,0.37416666666666665,0.0,1,72.08957175925926
136,0,0,0,0,0,0,0,0,1,0,0,94.11487758945385,7.341561229027775,8.69781504217721,0.2726918582002337,2.337358784573432,2.571094663030775,0.8180755746007012,0.07791195948578107,0.7401636151149201,3.3502142578885863,1.090767432800935,82.7425009738995,0.506427736657577,0.038955979742890535,0.46747175691468645,0.0,0.038955979742890535,0.584339696143358,4.285157771717959,0.07791195948578107,106.2,128.71576192689474,1396,7.244696969696971,9.292062116176263,22,75.35636574074074
137,0,1,0,0,0,0,0,0,1,0,0,25.97402597402597,3.554247806481482,3.774704089189689,0.0,3.827751196172249,1.9138755980861244,0.0,0.0,0.4784688995215311,5.741626794258373,2.3923444976076556,73.68421052631578,4.784688995215311,0.0,0.4784688995215311,0.0,0.4784688995215311,0.4784688995215311,3.827751196172249,1.9138755980861244,51.333333333333336,55.33835318595353,144,3.5210185185185185,3.7913070783227143,3,123.35806712962963
138,0,1,1,0,0,0,0,0,0,0,0,90.24154589371982,9.489812643703699,11.718117293713126,0.3240178209801539,1.6605913325232888,2.713649250708789,0.850546780072904,0.04050222762251924,0.5265289590927501,2.8756581611988663,0.7290400972053462,83.83961117861483,0.688537869582827,0.16200891049007696,0.688537869582827,0.0,0.04050222762251924,0.9720534629404617,3.847711624139328,0.04050222762251924,138.0,170.34838252408335,1333,9.403777777777778,11.696715229237652,15,66.62668981481481
139,0,1,0,1,0,0,0,0,0,0,0,92.83819628647215,6.60194549513889,6.317784207341281,0.2188183807439825,1.312910284463895,2.8446389496717726,1.9693654266958425,0.2188183807439825,0.2188183807439825,3.938730853391685,1.0940919037199124,82.4945295404814,0.2188183807439825,0.0,0.0,0.0,0.2188183807439825,1.0940919037199124,3.938730853391685,0.2188183807439825,94.25,89.24638181274727,335,6.5372916666666665,6.300494425757558,4,87.42347222222222
14,0,1,0,0,0,0,0,0,1,0,0,100.0,7.696430524747473,6.356617354069564,0.13966480446927373,1.3268156424581006,2.3743016759776534,0.8379888268156425,0.13966480446927373,0.6983240223463687,2.9329608938547485,0.5586592178770949,85.89385474860335,0.06983240223463687,0.0,0.41899441340782123,0.0,0.0,0.8379888268156425,3.7709497206703912,0.0,111.81818181818181,91.37813543930318,905,7.621060606060607,6.3419457010425395,11,132.54185185185185
140,0,0,0,0,0,0,0,0,0,0,1,83.49223163841808,5.846083940008294,6.7193084729668024,0.1308139534883721,2.078488372093023,2.1511627906976747,0.7267441860465116,0.10174418604651163,0.4941860465116279,3.6482558139534884,1.2936046511627906,82.32558139534883,1.2645348837209303,0.07267441860465117,0.3488372093023256,0.0436046511627907,0.05813953488372093,1.0901162790697674,4.026162790697675,0.14534883720930233,84.53731343283582,97.34526624001634,2820,5.467754303599374,6.653532781452866,71,80.60512731481481
141,0,0,0,0,0,0,0,0,1,0,0,84.17653390742734,6.383161087777777,9.096163120708315,0.09074410163339383,1.5426497277676952,2.4500907441016335,0.4537205081669692,0.0,0.4537205081669692,3.539019963702359,1.17967332123412,84.30127041742287,0.9981851179673321,0.0,0.27223230490018147,0.09074410163339383,0.09074410163339383,0.4537205081669692,3.8112522686025407,0.27223230490018147,92.9,133.97217787452902,729,5.759772727272727,8.801511371351722,11,75.39690972222222
142,0,1,0,0,0,0,0,0,1,0,0,99.62666666666667,8.122341628993055,6.802690240386532,0.044642857142857144,1.25,2.232142857142857,0.9821428571428571,0.2232142857142857,0.6696428571428571,3.392857142857143,0.9821428571428571,83.70535714285714,0.13392857142857142,0.13392857142857142,0.625,0.0,0.044642857142857144,0.5803571428571429,4.955357142857142,0.044642857142857144,117.1875,98.30443784489081,1255,8.202690972222223,6.962995555517753,16,63.489328703703706
143,1,0,0,0,0,0,0,0,1,0,0,0.0,1.161629322685185,1.1950517064990813,0.0,4.081632653061225,1.3605442176870748,0.0,0.0,0.6802721088435374,8.16326530612245,0.0,68.70748299319727,10.204081632653061,0.6802721088435374,2.0408163265306123,0.0,0.0,0.0,3.4013605442176873,0.6802721088435374,16.833333333333332,16.436747447918844,99,1.130925925925926,1.2102014380160566,6,61.73311342592593
144,0,1,0,0,0,0,0,0,1,0,0,0.0,3.425053233333334,2.349450016730367,0.0,3.2,2.4,0.0,0.0,0.0,4.8,0.0,78.4,7.199999999999999,0.0,0.0,0.0,0.0,0.8,3.2,0.0,49.0,35.35533905932738,98,2.238425925925926,2.5802786948320358,3,98.94381944444444
145,0,0,0,0,0,1,0,0,0,0,0,100.0,5.69281938670635,4.836630080120856,0.22271714922048996,2.5241276911655532,2.0044543429844097,0.8908685968819599,0.0,0.07423904974016332,3.11804008908686,1.1135857461024499,83.8158871566444,0.0,0.22271714922048996,0.8908685968819599,0.0,0.0,0.5939123979213066,4.528582034149963,0.0,80.64285714285714,67.87500632424636,869,5.265203703703706,4.876081423112885,15,102.31814814814815
146,0,1,0,0,0,0,0,0,0,0,1,0.0,2.673636374673203,3.309125223159774,0.11947431302270012,1.0752688172043012,1.5531660692951015,0.0,0.11947431302270012,0.7168458781362007,3.584229390681003,1.0752688172043012,77.65830346475508,6.690561529271206,0.0,0.4778972520908005,0.0,0.0,1.0752688172043012,4.540023894862605,1.3142174432497014,38.23529411764706,48.0475407952435,542,2.647075163398693,3.333699580744077,17,86.40864583333334
147,0,1,0,0,0,0,0,0,0,0,1,73.6745886654479,4.209052565123456,4.4103722824817995,0.0,2.232142857142857,1.7857142857142856,0.8928571428571428,0.0,1.0416666666666665,4.017857142857143,1.7857142857142856,81.39880952380952,1.636904761904762,0.0,0.1488095238095238,0.0,0.1488095238095238,0.4464285714285714,4.166666666666666,0.2976190476190476,60.77777777777778,62.90226104397555,467,3.7339999999999995,4.349046592300747,10,68.9053587962963
148,0,1,0,0,0,0,0,0,0,0,1,0.0,2.263816229861111,2.5305903128378673,0.19305019305019305,1.3513513513513513,0.9652509652509652,0.0,0.0,0.5791505791505791,5.019305019305019,1.7374517374517375,76.83397683397683,6.177606177606178,0.0,0.5791505791505791,0.0,0.0,0.5791505791505791,5.405405405405405,0.5791505791505791,33.166666666666664,36.60062923784317,351,2.205925925925926,2.5225969561357053,12,70.12188657407407
149,0,1,0,0,0,0,0,0,1,0,0,0.0,4.457091510185186,3.0795630766984736,0.0,3.75,2.083333333333333,0.0,0.0,0.4166666666666667,2.9166666666666665,1.25,77.5,5.416666666666667,0.0,1.25,0.0,0.0,0.4166666666666667,4.583333333333333,0.4166666666666667,62.0,40.59556626036888,174,4.428796296296297,3.0749456024162334,3,46.179710648148145
15,0,1,0,0,0,0,0,0,0,0,1,100.0,9.470389004166666,6.159367750898716,0.08779631255487269,1.3608428446005267,2.5899912203687445,1.2291483757682178,0.08779631255487269,0.35118525021949076,4.082528533801581,1.1852502194907815,84.02107111501317,0.043898156277436345,0.08779631255487269,0.7023705004389815,0.0,0.0,0.6145741878841089,3.555750658472344,0.0,136.71428571428572,88.69084470262945,1303,8.804722222222223,6.433439835350866,15,56.513576388888886
150,0,1,0,0,0,0,0,0,1,0,0,0.0,1.5980498052083332,1.1705027854383783,0.0,0.4273504273504274,3.418803418803419,0.0,0.0,0.4273504273504274,5.128205128205128,1.282051282051282,76.06837606837607,7.264957264957266,0.8547008547008548,0.8547008547008548,0.0,0.0,0.0,2.9914529914529915,1.282051282051282,22.25,15.890248582070704,171,1.6220987654320986,1.4047796847874388,9,123.96466435185185
151,0,1,0,0,0,0,0,0,1,0,0,100.0,9.02253862777778,0.0,0.0,1.8404907975460123,1.2269938650306749,0.0,0.0,0.6134969325153374,4.294478527607362,0.6134969325153374,84.66257668711657,0.0,1.2269938650306749,2.4539877300613497,0.0,0.0,0.6134969325153374,2.4539877300613497,0.0,138.0,0.0,133,9.100277777777778,0.0,1,42.57099537037037
152,0,1,1,0,0,0,0,0,0,0,0,84.3151171043293,5.189175432456139,7.332706079246476,0.23781212841854932,1.426872770511296,2.5564803804994054,0.47562425683709864,0.11890606420927466,0.535077288941736,3.151010701545779,0.6539833531510106,83.769322235434,0.8323424494649228,0.0,0.535077288941736,0.0,0.05945303210463733,0.713436385255648,4.815695600475625,0.11890606420927466,74.15789473684211,102.34487619910695,983,4.867083333333332,7.221833754453612,20,31.03962962962963
153,0,1,0,0,0,0,0,0,0,0,1,99.89373007438896,7.206657730864194,8.523213884129573,0.08841732979664013,1.414677276746242,2.829354553492484,1.3262599469496021,0.2652519893899204,0.618921308576481,3.801945181255526,1.0610079575596816,83.20070733863837,0.0,0.0,0.2652519893899204,0.0,0.08841732979664013,0.3536693191865605,4.597701149425287,0.08841732979664013,104.55555555555556,123.88917538581721,724,7.285370370370369,8.613434817522558,9,27.365162037037038
154,0,0,0,0,0,0,0,0,0,0,1,0.0,1.9129651768518519,0.8567096079055881,0.0,2.5423728813559325,0.847457627118644,0.0,0.0,0.847457627118644,5.084745762711865,1.694915254237288,71.1864406779661,8.47457627118644,0.0,0.0,0.0,0.0,0.0,9.322033898305085,0.0,28.0,13.892443989449804,79,1.8447222222222222,0.8584119435415696,3,23.872037037037035
155,0,0,0,0,0,0,0,0,0,0,1,87.6829268292683,9.20274499537037,6.528671599395436,0.19960079840319359,1.097804391217565,2.3952095808383236,1.1976047904191618,0.29940119760479045,0.8982035928143712,2.9940119760479043,1.3972055888223553,81.83632734530939,0.7984031936127743,0.0,0.499001996007984,0.0,0.09980039920159679,0.29940119760479045,5.788423153692615,0.19960079840319359,136.66666666666666,96.74433661288224,644,9.14287037037037,6.519267089541098,6,23.556018518518517
156,0,1,0,0,0,0,0,0,0,0,1,0.0,0.19213023333333334,0.0,0.0,0.0,0.0,0.0,0.0,0.0,16.666666666666664,0.0,50.0,16.666666666666664,0.0,16.666666666666664,0.0,0.0,0.0,0.0,0.0,3.0,0.0,4,0.11666666666666667,0.0,1,0.31372685185185184
16,0,0,0,0,1,0,0,0,0,0,0,81.48148148148148,5.188079846604939,4.6884790816530355,0.1221001221001221,1.221001221001221,2.31990231990232,0.8547008547008548,0.0,0.9768009768009768,3.1746031746031744,1.098901098901099,82.41758241758241,1.465201465201465,0.0,0.2442002442002442,0.0,0.1221001221001221,0.4884004884004884,5.128205128205128,0.3663003663003663,75.0,65.64868620162935,551,5.211820987654322,4.735579383459933,9,80.40359953703704
17,1,0,0,0,0,0,0,0,0,0,1,94.92988133764833,8.947731685317455,9.290052058362267,0.18181818181818182,1.090909090909091,2.727272727272727,1.090909090909091,0.0,0.45454545454545453,2.727272727272727,1.3636363636363635,84.27272727272728,0.36363636363636365,0.0,0.45454545454545453,0.0,0.09090909090909091,1.1818181818181819,3.6363636363636362,0.36363636363636365,132.42857142857142,135.74959440437522,742,10.020833333333334,10.352464883623933,7,13.099016203703703
18,1,1,0,0,0,0,0,0,1,0,0,100.0,5.031244815740742,3.5168964384961874,0.19569471624266144,1.9569471624266144,2.73972602739726,0.5870841487279843,0.0,0.19569471624266144,3.7181996086105675,1.36986301369863,83.95303326810176,0.0,0.19569471624266144,0.9784735812133072,0.0,0.0,0.19569471624266144,3.9138943248532287,0.0,71.5,48.75141023601266,375,4.99574074074074,3.496322740503416,6,38.431990740740744
19,0,0,0,0,0,0,0,0,0,0,1,100.0,15.133592741666675,0.0,0.7722007722007722,1.5444015444015444,3.088803088803089,0.7722007722007722,0.0,0.0,4.247104247104247,3.088803088803089,83.3976833976834,0.0,0.0,0.3861003861003861,0.0,0.0,0.7722007722007722,1.9305019305019304,0.0,216.0,0.0,198,15.081111111111111,0.0,1,21.451435185185186
2,0,0,0,0,0,0,0,0,0,0,1,100.0,7.487594580158727,8.620761926419517,0.33370411568409347,2.2246941045606228,1.4460511679644048,1.4460511679644048,0.0,0.44493882091212456,3.8932146829810903,1.2235817575083427,83.98220244716352,0.0,0.44493882091212456,0.6674082313681869,0.0,0.0,0.6674082313681869,3.225806451612903,0.0,107.85714285714286,122.22305916019363,588,7.416944444444444,8.610146730645825,7,69.90317129629629
20,0,0,0,0,0,0,0,0,0,0,1,85.94355285002767,6.961262033641979,8.671350697218212,0.04555808656036447,1.1389521640091116,2.460136674259681,0.683371298405467,0.1366742596810934,0.8656036446469247,3.507972665148064,1.0478359908883828,82.32346241457859,0.9111617312072893,0.18223234624145787,0.592255125284738,0.09111617312072894,0.09111617312072894,0.9567198177676537,4.829157175398633,0.1366742596810934,100.38888888888889,123.55143672309065,1217,6.548479532163743,8.564038797361087,19,77.02128472222222
200001,1,1,0,0,0,0,0,0,0,0,1,0.0,2.138418147916667,1.5419600682510681,0.0,0.0,1.9230769230769231,0.0,0.0,0.641025641025641,6.41025641025641,2.564102564102564,73.71794871794873,1.9230769230769231,1.282051282051282,3.8461538461538463,0.0,0.0,0.641025641025641,6.41025641025641,0.641025641025641,28.75,20.694202086574876,111,1.395138888888889,1.5896809093395183,6,15.909027777777778
200002,0,1,0,1,0,0,0,0,0,0,0,77.51937984496125,4.352262775,3.481087253628621,0.6329113924050633,0.8438818565400843,1.6877637130801686,1.0548523206751055,0.0,0.42194092827004215,4.219409282700422,1.0548523206751055,81.64556962025317,1.4767932489451476,0.0,0.6329113924050633,0.0,0.21097046413502107,1.2658227848101267,4.430379746835443,0.42194092827004215,64.5,51.309843110264914,340,4.44,3.615756029749058,6,70.07462962962963
200003,0,0,0,0,0,0,0,0,0,0,1,16.910785619174433,3.9399177884615373,2.4753899540237914,0.0,1.4329580348004094,1.6376663254861823,0.511770726714432,0.0,0.2047082906857728,4.094165813715456,1.9447287615148412,76.86796315250768,5.527123848515865,0.1023541453428864,0.511770726714432,0.2047082906857728,0.1023541453428864,2.5588536335721597,3.7871033776867966,0.511770726714432,57.76923076923077,36.51975229505682,616,3.6074206349206355,2.5931199043663287,14,152.84206018518518
200004,0,1,0,0,0,0,0,0,1,0,0,100.0,4.643566584188034,4.173722057557859,0.14084507042253522,0.9859154929577465,3.145539906103286,1.3145539906103285,0.046948356807511735,0.42253521126760557,3.2394366197183095,1.1737089201877933,81.78403755868544,0.046948356807511735,0.32863849765258213,0.8450704225352111,0.0,0.0,2.535211267605634,3.9906103286384975,0.0,67.0,60.97934076390134,1197,4.25657738095238,4.199667191735504,28,65.45400462962964
200005,0,1,0,0,0,0,0,0,1,0,0,58.992805755395686,1.5169276930555557,1.08143824961939,0.0,1.7241379310344827,2.8735632183908044,0.0,0.0,0.0,5.172413793103448,1.7241379310344827,79.88505747126436,2.8735632183908044,0.0,0.0,0.0,0.5747126436781609,0.0,4.022988505747127,1.1494252873563218,23.166666666666668,16.63029364342875,132,1.4566203703703706,1.0778474979835808,6,113.13180555555556
200006,0,0,0,0,0,0,0,0,1,0,0,0.0,1.768900497222222,2.0616838073594344,0.13513513513513514,1.0810810810810811,2.2972972972972974,0.0,0.2702702702702703,0.13513513513513514,5.27027027027027,2.1621621621621623,73.24324324324324,9.18918918918919,0.2702702702702703,0.2702702702702703,0.0,0.0,2.5675675675675675,2.837837837837838,0.2702702702702703,25.80952380952381,30.52641323119873,451,1.6975396825396831,2.056715574118568,21,73.64201388888888
200007,0,0,0,0,0,0,0,0,1,0,0,100.0,2.186092959722222,1.0896286532980577,0.0,1.3157894736842104,0.0,0.0,1.3157894736842104,2.631578947368421,5.263157894736842,1.3157894736842104,85.52631578947368,0.0,0.0,0.0,0.0,0.0,0.0,2.631578947368421,0.0,32.5,16.263455967290593,65,1.5018518518518518,1.5785119900972113,3,53.39774305555556
200008,0,0,0,0,0,0,0,0,0,0,1,98.92150988615937,7.609977063703702,7.294883458281476,0.44731610337972166,1.341948310139165,2.2365805168986084,1.1928429423459244,0.14910536779324055,0.19880715705765406,3.5288270377733597,1.0934393638170974,82.95228628230616,0.19880715705765406,0.09940357852882703,0.4970178926441352,0.0,0.049701789264413515,2.584493041749503,3.3797216699801194,0.049701789264413515,111.26666666666667,107.38613016763829,1160,7.5379259259259275,7.284556907097743,15,115.18381944444444
200009,0,1,0,0,0,0,0,0,0,0,1,46.10591900311526,4.474074420555556,3.3337435839194187,0.0,1.669449081803005,2.2537562604340566,0.41736227045075125,0.0,0.5843071786310517,3.33889816360601,1.5025041736227045,80.38397328881469,2.7545909849749584,0.08347245409015025,0.667779632721202,0.08347245409015025,0.08347245409015025,2.671118530884808,3.4223706176961604,0.08347245409015025,64.2,45.78396475373697,747,4.452018518518519,3.374138747100581,15,58.83949074074074
200010,0,0,0,0,0,1,0,0,0,0,0,0.0,2.813732288425926,1.6009438026905731,0.0,2.5236593059936907,1.5772870662460567,0.0,0.31545741324921134,0.31545741324921134,4.416403785488959,2.8391167192429023,74.76340694006309,5.3627760252365935,0.0,0.31545741324921134,0.0,0.0,2.2082018927444795,4.416403785488959,0.9463722397476341,39.5,22.941229260874405,215,2.719398148148148,1.6162623149986433,6,38.142488425925926
200011,1,1,0,0,0,0,0,0,1,0,0,44.92307692307692,4.197431434848486,3.1664616632420755,0.1182033096926714,1.5366430260047281,2.127659574468085,1.1820330969267139,0.1182033096926714,0.7092198581560284,3.7825059101654848,1.3002364066193852,76.8321513002364,3.1914893617021276,0.3546099290780142,0.9456264775413712,0.1182033096926714,0.1182033096926714,2.8368794326241136,4.373522458628842,0.3546099290780142,59.09090909090909,43.92597078142848,532,4.129747474747475,3.162011545391229,11,109.27394675925926
200012,0,1,0,0,1,0,0,0,0,0,0,0.0,2.2878289486111116,0.7686945109998755,0.0,3.571428571428571,0.0,0.0,0.0,0.0,1.1904761904761905,1.1904761904761905,78.57142857142857,9.523809523809524,0.0,1.1904761904761905,0.0,0.0,1.1904761904761905,3.571428571428571,0.0,33.0,11.313708498984761,67,2.218472222222222,0.763871742231801,2,65.71107638888888
200014,0,1,0,0,0,0,0,0,1,0,0,22.08835341365462,5.19656709861111,7.515258619027365,0.10183299389002036,2.0366598778004072,2.5458248472505094,0.0,0.0,0.5091649694501018,3.8696537678207736,1.7311608961303464,76.06924643584522,5.091649694501019,0.10183299389002036,0.5091649694501018,0.0,0.10183299389002036,2.8513238289205702,4.378818737270876,0.10183299389002036,74.7,105.37978933362886,593,5.130166666666666,7.501359491783187,10,128.14015046296296
200015,1,1,0,1,0,0,0,0,0,0,0,0.0,1.6951376097222224,2.0709815486986205,0.0,0.5763688760806917,3.7463976945244957,0.0,0.2881844380403458,0.2881844380403458,5.187319884726225,2.0172910662824206,74.35158501440922,6.340057636887608,0.2881844380403458,1.1527377521613833,0.0,0.0,2.881844380403458,2.881844380403458,0.0,25.8,31.52706068690127,234,1.5022222222222223,2.0396535161760645,11,87.6291550925926
200016,1,0,0,0,0,0,0,0,1,0,0,0.0,1.9737276849206349,2.0499191988321974,0.0,0.0,1.1278195488721803,0.0,0.0,0.0,4.511278195488721,1.1278195488721803,77.44360902255639,6.7669172932330826,0.0,0.0,0.0,0.0,1.8796992481203008,7.142857142857142,0.0,29.428571428571427,30.593338833026728,189,2.00468253968254,2.131147476979502,7,55.76982638888889
200017,1,1,0,0,0,0,0,0,1,0,0,66.73427991886409,2.8594149298611113,4.285348028142509,0.0,1.2944983818770228,1.779935275080906,0.6472491909385114,0.16181229773462785,0.3236245954692557,4.368932038834951,1.779935275080906,79.77346278317152,1.4563106796116505,0.0,0.6472491909385114,0.0,0.16181229773462785,2.5889967637540456,4.692556634304207,0.3236245954692557,41.083333333333336,60.77747539303944,417,3.1715509259259265,4.7508653406622345,12,60.986805555555556
200018,1,1,0,1,0,0,0,0,0,0,0,0.0,2.8859570722222228,2.188892791839189,0.21008403361344538,3.1512605042016806,2.3109243697478994,0.0,0.0,0.21008403361344538,2.5210084033613445,1.050420168067227,77.10084033613445,6.722689075630252,0.0,0.8403361344537815,0.0,0.0,2.3109243697478994,2.73109243697479,0.8403361344537815,40.77777777777778,31.24811105402124,318,2.82179012345679,2.1836717918284556,9,48.56862268518518
200019,0,1,0,0,0,0,0,0,1,0,0,68.48484848484848,3.3843935844444446,2.8526105676365354,0.7824726134585289,1.2519561815336464,2.8169014084507045,0.9389671361502347,0.0,0.4694835680751174,4.538341158059469,1.8779342723004695,77.46478873239437,1.5649452269170578,0.0,0.4694835680751174,0.1564945226917058,0.1564945226917058,2.660406885758998,4.381846635367762,0.4694835680751174,49.5,41.40115403651878,428,3.3056111111111113,2.839829945376253,10,56.23005787037037
200020,1,1,0,0,0,0,0,0,1,0,0,24.03763900769889,2.3012647538095234,2.53979579966083,0.1336898395721925,0.6684491978609626,2.13903743315508,0.4010695187165776,0.0,0.4679144385026738,4.478609625668449,1.7379679144385027,78.14171122994652,4.612299465240642,0.06684491978609625,0.4679144385026738,0.06684491978609625,0.06684491978609625,2.406417112299465,3.7433155080213902,0.4010695187165776,33.4,36.88072986390207,862,2.168626543209877,2.5312782111951058,36,75.99219907407408
200021,1,0,0,0,0,0,0,0,1,0,0,85.73757131214343,5.220801225,4.437113887146315,0.2,1.2666666666666666,2.0,1.7333333333333332,0.06666666666666667,0.26666666666666666,3.5999999999999996,1.3333333333333335,81.8,0.7333333333333333,0.13333333333333333,0.6,0.0,0.06666666666666667,2.3333333333333335,3.6666666666666665,0.2,76.6875,66.31210925112649,909,4.851764705882353,4.457057135989603,17,70.66457175925926
200022,0,1,0,0,0,0,0,0,1,0,0,0.0,2.984108805555555,3.395470246044542,0.0,1.3157894736842104,1.0964912280701753,0.0,0.21929824561403508,0.43859649122807015,4.166666666666666,2.4122807017543857,76.31578947368422,7.456140350877193,0.0,0.43859649122807015,0.0,0.0,2.1929824561403506,3.508771929824561,0.43859649122807015,43.5,49.73357589625516,309,3.0738888888888893,3.5581461172761197,8,88.70363425925926
200023,0,0,0,0,1,0,0,0,0,0,0,47.7834179357022,2.8426756191358025,2.983002887903769,0.15919342000530645,1.7511276200583707,1.9368532767312283,1.1674184133722474,0.05306447333510214,0.6102414433536747,4.059432210135315,1.4592730167153092,78.40275935261343,3.0777394534359246,0.07959671000265323,0.4510480233483683,0.05306447333510214,0.07959671000265323,1.9368532767312283,4.324754576810825,0.39798355001326613,41.041666666666664,42.699552229073554,1757,2.7670906432748534,3.0807618955287244,76,67.18055555555556
200024,1,1,0,0,0,1,0,0,0,0,0,39.568345323741006,3.5927689437499994,3.0300460054700284,0.0,1.6363636363636365,2.727272727272727,0.7272727272727273,0.18181818181818182,0.7272727272727273,3.8181818181818183,1.2727272727272727,75.81818181818181,4.909090909090909,0.36363636363636365,0.9090909090909091,0.0,0.18181818181818182,2.3636363636363638,3.4545454545454546,0.9090909090909091,52.125,44.68760614373008,369,3.5284722222222222,3.013003644405246,8,28.42769675925926
200025,0,1,0,0,0,0,0,0,0,0,1,42.78481012658228,4.907071224242424,3.2752516195243406,0.1949317738791423,2.3391812865497075,1.5594541910331383,1.0721247563352825,0.09746588693957114,0.1949317738791423,4.385964912280701,1.1695906432748537,76.99805068226121,3.6062378167641325,0.0,0.29239766081871343,0.09746588693957114,0.1949317738791423,2.631578947368421,4.678362573099415,0.4873294346978557,71.81818181818181,47.1207346755506,628,3.809305555555556,3.5297641368375667,14,116.9954861111111
21,0,1,0,0,1,0,0,0,0,0,0,100.0,8.392718983333332,7.8053093144820185,0.3395585738539898,1.3582342954159592,1.5280135823429541,1.0186757215619695,0.1697792869269949,0.6791171477079796,3.7351443123938877,1.0186757215619695,84.71986417657045,0.0,0.1697792869269949,0.3395585738539898,0.0,0.0,0.3395585738539898,4.584040747028863,0.0,124.75,117.61342043604832,414,8.329374999999999,7.788871216941832,4,68.76866898148148
22,0,0,0,0,0,0,0,0,0,0,1,0.0,1.0283084444444444,1.094590183915198,0.0,7.5,0.0,0.0,0.0,0.0,5.0,0.0,70.0,10.0,0.0,0.0,0.0,0.0,0.0,7.5,0.0,14.0,16.97056274847714,29,0.8886111111111111,1.1447273113208887,2,61.48951388888889
23,0,0,0,0,0,0,0,0,0,0,1,77.59146341463415,11.445514027777774,18.825586134381222,0.1278772378516624,1.9181585677749362,2.6854219948849107,0.639386189258312,0.0,0.5115089514066496,2.4296675191815855,0.639386189258312,83.88746803069054,2.4296675191815855,0.0,0.1278772378516624,0.0,0.1278772378516624,0.7672634271099744,3.580562659846547,0.1278772378516624,164.0,271.0387426180988,554,11.375902777777778,18.831629895889286,4,135.89708333333334
24,0,1,0,0,1,0,0,0,0,0,0,19.91701244813278,2.4553431206349208,1.787846558956663,0.31746031746031744,2.6984126984126986,1.9047619047619049,0.7936507936507936,0.0,0.7936507936507936,4.920634920634921,1.5873015873015872,76.5079365079365,4.761904761904762,0.31746031746031744,0.7936507936507936,0.15873015873015872,0.15873015873015872,0.31746031746031744,3.015873015873016,0.9523809523809524,34.42857142857143,24.449993820085062,403,2.258351851851852,1.8212493757455985,15,76.95898148148149
25,0,0,0,0,0,0,0,0,1,0,0,82.5,8.689327584259258,10.883403050189001,0.04387889425186486,1.7990346643264588,2.676612549363756,0.4826678367705134,0.0,0.39491004826678366,3.7297060114085125,1.184730144800351,82.49232119350593,1.184730144800351,0.08775778850372971,0.4826678367705134,0.04387889425186486,0.04387889425186486,0.7459412022817025,4.300131636682756,0.307152259763054,125.33333333333333,156.79270512671303,1276,8.66201851851852,10.897178760229306,15,82.50391203703704
26,0,1,0,0,0,0,0,0,0,0,1,0.0,2.2651442864583333,1.759875802126515,0.0,1.7804154302670623,2.3738872403560833,0.0,0.0,1.1869436201780417,5.044510385756676,1.7804154302670623,75.66765578635015,6.528189910979229,0.0,1.1869436201780417,0.0,0.2967359050445104,0.2967359050445104,3.5608308605341246,0.2967359050445104,31.875,24.993927834004573,230,3.208368055555556,2.2933869466127472,8,77.53899305555555
27,0,1,0,0,1,0,0,0,0,0,0,0.0,1.8455412069444443,1.3288598534991634,0.0,2.405498281786942,1.3745704467353952,0.0,0.0,0.3436426116838488,6.185567010309279,2.405498281786942,75.60137457044674,7.216494845360824,0.3436426116838488,0.3436426116838488,0.0,0.0,0.6872852233676976,2.7491408934707904,0.3436426116838488,27.5,21.26700999872136,202,1.5716049382716046,1.369092886316138,9,102.59481481481481
28,1,0,0,0,0,0,0,0,0,0,1,72.27179135209335,5.333927470321638,6.413900750485627,0.16863406408094433,1.1242270938729624,2.810567734682406,0.8431703204047217,0.056211354693648116,0.39347948285553686,3.6537380550871275,1.3490725126475547,81.8999437886453,1.4614952220348512,0.0,0.33726812816188867,0.0,0.056211354693648116,1.2366498032602586,4.440697020798201,0.16863406408094433,76.6842105263158,92.03323833846295,1076,4.756640211640211,6.284535145714592,21,44.31443287037037
29,1,1,0,0,0,0,0,0,1,0,0,89.66314398943197,6.164359171323531,8.7578661203911,0.05554012774229381,1.3051930019439044,2.4715356845320744,0.4998611496806442,0.0,0.7775617883921133,3.3601777284087753,1.138572618717023,84.08775340183283,0.6109414051652319,0.11108025548458762,0.5276312135517912,0.0,0.027770063871146906,0.6109414051652319,4.2765898361566235,0.13885031935573452,89.05882352941177,125.9364777772414,1805,6.095947712418298,8.745464983754097,34,60.104050925925925
3,1,1,0,0,0,0,0,0,0,0,1,100.0,3.779496211111111,3.0679061391168747,0.3968253968253968,0.3968253968253968,1.5873015873015872,0.7936507936507936,0.0,0.3968253968253968,3.1746031746031744,1.1904761904761905,84.92063492063492,0.3968253968253968,0.0,0.0,0.0,0.0,1.1904761904761905,5.555555555555555,0.0,53.5,41.73328008516305,198,4.12375,3.3968711812514267,4,80.89527777777778
30,0,1,0,0,0,0,0,0,0,0,1,40.57868736767819,3.5695262464285724,4.828511661476807,0.16901408450704225,1.4084507042253522,2.647887323943662,0.3380281690140845,0.056338028169014086,0.28169014084507044,3.943661971830986,1.1267605633802817,79.83098591549296,4.056338028169014,0.056338028169014086,0.7323943661971831,0.056338028169014086,0.056338028169014086,0.9577464788732395,3.492957746478873,0.7887323943661971,50.607142857142854,68.92579976333879,1019,3.0599045138888887,4.655638231407505,32,63.06664351851852
300001,1,0,0,0,0,0,0,0,0,1,0,96.0548885077187,7.08366019133987,6.033745302256485,0.04616805170821791,1.3850415512465373,3.1855955678670362,0.41551246537396125,0.13850415512465375,0.5078485687903971,3.6011080332409975,1.0156971375807942,80.74792243767313,0.2770083102493075,0.13850415512465375,0.7848568790397045,0.0,0.04616805170821791,0.7848568790397045,6.832871652816251,0.09233610341643582,102.88235294117646,88.12908313444346,1202,6.367543859649123,6.150871757879998,19,188.3117824074074
300002,0,0,0,0,0,0,0,0,1,0,0,96.83229813664596,6.205369233641972,9.56934906430634,0.10198878123406425,1.4278429372768995,2.9066802651708312,0.407955124936257,0.05099439061703213,0.815910249872514,2.8046914839367667,0.6119326874043856,82.10096889342172,0.2039775624681285,0.05099439061703213,0.5099439061703213,0.05099439061703213,0.10198878123406425,0.5609382967873533,7.139214686384497,0.1529831718510964,89.44444444444444,137.69242032290336,1107,6.213750000000001,9.629485116921446,18,124.38989583333333
300003,0,1,0,0,0,0,0,0,0,0,1,0.0,1.8244102055555553,0.0,0.0,0.0,2.857142857142857,0.0,0.0,2.857142857142857,2.857142857142857,2.857142857142857,77.14285714285715,5.714285714285714,0.0,0.0,0.0,0.0,0.0,5.714285714285714,0.0,27.0,0.0,27,1.7475,0.0,1,99.22612268518519
300004,0,0,0,0,0,0,0,0,0,0,1,60.29411764705882,4.713661576851854,4.45841872338062,0.7633587786259541,0.7633587786259541,1.1450381679389312,0.38167938931297707,0.0,1.1450381679389312,3.435114503816794,1.1450381679389312,77.86259541984732,3.816793893129771,0.38167938931297707,0.7633587786259541,0.38167938931297707,0.38167938931297707,0.7633587786259541,6.488549618320611,0.38167938931297707,68.0,64.96922348312314,188,4.63537037037037,4.465598894046608,3,89.37314814814815
300005,0,0,0,0,0,0,0,0,1,0,0,85.8974358974359,3.5659471898148145,3.742137860395802,0.25380710659898476,2.030456852791878,2.284263959390863,0.0,0.25380710659898476,0.5076142131979695,3.807106598984772,0.7614213197969544,79.18781725888326,0.5076142131979695,0.0,0.0,0.0,0.25380710659898476,1.015228426395939,8.883248730964468,0.25380710659898476,52.0,53.61716143176548,289,3.529166666666667,3.793650258517595,6,157.05546296296296
300006,0,1,0,0,0,0,0,0,1,0,0,42.29390681003584,3.7133353755555563,3.637267274934389,0.2638522427440633,4.485488126649076,1.8469656992084433,0.5277044854881267,0.0,0.79155672823219,4.485488126649076,1.8469656992084433,73.61477572559367,3.6939313984168867,0.0,0.5277044854881267,0.0,0.2638522427440633,0.79155672823219,6.068601583113456,0.79155672823219,55.8,53.923093383076605,258,3.6646666666666667,3.6185151947319736,5,89.53488425925926
300007,1,1,0,0,0,1,0,0,0,0,0,100.0,7.785752911111115,0.0,0.0,2.8368794326241136,2.8368794326241136,1.4184397163120568,0.0,0.7092198581560284,2.127659574468085,0.0,78.72340425531915,1.4184397163120568,0.7092198581560284,0.7092198581560284,0.0,0.0,0.7092198581560284,7.801418439716312,0.0,111.0,0.0,108,7.733888888888889,0.0,1,11.553703703703704
300008,0,0,0,1,0,0,0,0,0,0,0,100.0,5.381779923611111,5.319699338947305,0.11961722488038277,1.375598086124402,2.5717703349282295,0.11961722488038277,0.17942583732057416,0.5382775119617225,2.8708133971291865,1.0167464114832536,83.31339712918661,0.05980861244019139,0.0,0.23923444976076555,0.0,0.0,0.9569377990430622,6.638755980861244,0.0,77.38888888888889,75.67433234038738,1002,5.332083333333333,5.317057001271932,18,90.50671296296296
300009,0,0,0,0,0,0,0,0,0,0,1,99.71969166082691,5.517526120833334,7.920505129649721,0.058105752469494475,1.220220801859384,2.5566531086577573,0.4648460197559558,0.11621150493898895,0.40674026728646134,2.3823358512492736,0.8715862870424171,82.91690877396863,0.0,0.0,0.3486345148169669,0.0,0.058105752469494475,0.8715862870424171,7.669959325973272,0.058105752469494475,79.27777777777777,114.56557616417798,1026,5.4440740740740745,7.899937435978511,18,101.22410879629629
300010,0,1,0,0,0,0,0,0,1,0,0,0.0,2.6129543880952375,1.8718779035503241,0.2849002849002849,2.2792022792022792,1.9943019943019942,0.0,0.0,0.2849002849002849,4.273504273504273,1.7094017094017095,74.92877492877493,7.122507122507122,0.0,0.2849002849002849,0.0,0.0,0.2849002849002849,5.982905982905983,0.5698005698005698,37.57142857142857,25.46145546283076,245,2.5904761904761906,1.8851216225342151,7,74.17873842592593
300011,0,0,0,0,0,0,0,0,0,0,1,95.56180991556614,4.374586071879755,4.678792596852657,0.4361479413817167,1.6224703419399862,2.5471039776692255,0.5582693649685974,0.034891835310537335,0.52337752965806,3.3670621074668525,0.9944173063503141,80.58269364968598,0.366364270760642,0.0,0.41870202372644805,0.017445917655268667,0.034891835310537335,0.7152826238660154,7.623866015352408,0.15701325889741802,63.273972602739725,67.33689352674783,2492,4.205164473684213,4.7108291890614815,76,61.17638888888889
300012,0,1,0,0,0,0,0,0,0,1,0,93.76947040498442,6.3055111932539685,5.9594940946135955,0.0,2.035623409669211,1.7811704834605597,0.38167938931297707,0.0,0.8905852417302799,3.5623409669211195,0.5089058524173028,81.67938931297711,0.5089058524173028,0.1272264631043257,0.6361323155216284,0.0,0.1272264631043257,0.8905852417302799,6.615776081424936,0.2544529262086514,91.71428571428571,85.48823366544717,525,6.275119047619048,5.968660335023711,7,150.0044675925926
300013,0,1,0,0,0,1,0,0,0,0,0,100.0,3.9310490550925916,4.021123817573055,0.0,1.9464720194647203,1.70316301703163,0.7299270072992701,0.0,0.48661800486618007,2.9197080291970803,0.48661800486618007,81.50851581508516,0.0,0.0,0.48661800486618007,0.0,0.0,0.48661800486618007,9.245742092457421,0.0,55.833333333333336,58.24574376438734,293,3.8752777777777774,4.083265804430276,6,89.70524305555556
300014,0,1,0,0,0,0,0,0,0,0,1,98.21428571428571,3.294501753240741,1.8256750592014337,0.2770083102493075,0.8310249307479225,2.7700831024930745,0.8310249307479225,0.2770083102493075,1.10803324099723,4.43213296398892,0.8310249307479225,77.5623268698061,0.0,0.2770083102493075,0.554016620498615,0.0,0.2770083102493075,2.21606648199446,7.479224376731302,0.2770083102493075,46.666666666666664,25.578636919637972,249,2.770238095238095,2.0833364347419594,7,100.3783912037037
300015,0,1,0,1,0,0,0,0,0,0,0,97.58320126782884,5.212620612373736,4.866696703660762,0.13110455588331696,1.5404785316289742,2.0976728941330713,0.7210750573582432,0.13110455588331696,0.39331366764995085,3.3759423139954112,0.950508030154048,82.72697476237299,0.19665683382497542,0.16388069485414616,0.5244182235332678,0.03277613897082924,0.06555227794165848,0.557194362504097,6.325794821370042,0.06555227794165848,76.48484848484848,73.0796317434453,1602,6.365925925925925,6.244545855009296,33,171.48203703703703
300016,0,1,0,0,0,0,0,0,0,0,1,97.25557461406518,3.3526989442129635,2.492771214711794,0.6802721088435374,1.4965986394557822,3.537414965986395,0.6802721088435374,0.13605442176870747,0.0,3.4013605442176873,1.2244897959183674,79.31972789115646,0.27210884353741494,0.27210884353741494,0.5442176870748299,0.0,0.13605442176870747,0.5442176870748299,7.6190476190476195,0.13605442176870747,48.583333333333336,36.70139539911833,462,3.0301709401709402,2.5516503286948966,13,100.83010416666667
300017,0,0,0,0,0,0,0,0,1,0,0,100.0,4.086552733196721,3.6120139088908414,0.06775067750677506,1.4227642276422763,2.5519421860885276,0.5645889792231256,0.11291779584462511,0.6097560975609756,3.4101174345076783,0.9259259259259258,82.02348690153568,0.24841915085817523,0.06775067750677506,0.5194218608852755,0.0,0.0,0.6323396567299007,6.842818428184281,0.0,59.540983606557376,53.14056008063013,2071,3.8887345679012344,3.6192211259588243,63,74.35851851851852
300018,0,1,0,0,0,0,0,0,1,0,0,98.53658536585365,4.434618530769232,5.468424655914887,0.1466275659824047,1.7106549364613879,2.834799608993157,0.43988269794721413,0.09775171065493646,0.7820136852394917,4.105571847507331,1.1730205278592376,80.1564027370479,0.1466275659824047,0.09775171065493646,0.5865102639296188,0.0,0.04887585532746823,1.1730205278592376,6.451612903225806,0.04887585532746823,63.07692307692308,76.1046243414541,1171,4.057807539682538,5.377657990271389,28,92.85342592592593
300019,0,1,0,0,0,0,0,0,0,0,1,99.87468671679198,6.114464823456793,8.560870637673254,0.20491803278688525,1.9467213114754098,2.459016393442623,0.0,0.0,0.7172131147540983,2.459016393442623,0.6147540983606558,81.76229508196722,0.0,0.0,0.3073770491803279,0.0,0.10245901639344263,0.819672131147541,8.504098360655737,0.10245901639344263,88.66666666666667,124.50301201175819,651,6.1245061728395065,8.595760855399208,9,84.62292824074073
300020,0,0,0,0,0,0,0,0,1,0,0,100.0,5.591884626851853,6.0969118601941235,0.0,2.7027027027027026,3.3783783783783785,0.33783783783783783,0.6756756756756757,0.6756756756756757,2.364864864864865,1.0135135135135136,81.75675675675676,0.0,0.0,0.6756756756756757,0.0,0.0,0.33783783783783783,6.081081081081082,0.0,80.66666666666667,89.57864328808141,221,5.510648148148149,6.094830601139327,3,48.58732638888889
300021,0,0,0,0,0,0,0,0,1,0,0,99.86897274633124,4.51112421704981,5.5118050050247405,0.15024683408456752,1.9102811762180725,2.2966301781498175,0.36488516849109254,0.10731916720326251,0.34342133505044,3.3054303498604853,0.94440867138871,81.90598840952994,0.10731916720326251,0.128783000643915,0.38634900193174504,0.0214638334406525,0.0214638334406525,0.7726980038634901,7.21184803605924,0.0214638334406525,65.79310344827586,79.52374876896721,2168,4.71676724137931,5.7986114053059366,58,69.41837962962963
300022,0,1,0,0,0,1,0,0,0,0,0,100.0,2.3081774035353537,2.4502919177048654,0.672645739910314,2.4663677130044843,2.0179372197309418,0.2242152466367713,0.0,0.672645739910314,3.3632286995515694,1.1210762331838564,81.61434977578476,0.0,0.2242152466367713,0.8968609865470852,0.0,0.0,1.1210762331838564,5.605381165919283,0.0,33.09090909090909,36.0983505037406,329,2.2455050505050504,2.447074455805522,11,102.7619212962963
300023,0,0,0,0,0,0,0,0,0,0,1,99.1652754590985,4.606534188786009,4.429496465357497,0.27149321266968324,1.402714932126697,2.8506787330316743,0.5429864253393665,0.13574660633484162,0.4524886877828055,2.8959276018099547,0.8597285067873304,81.31221719457014,0.09049773755656108,0.04524886877828054,0.6334841628959276,0.04524886877828054,0.04524886877828054,0.7239819004524887,7.647058823529412,0.04524886877828054,66.55555555555556,64.89537931478831,1236,4.559958847736625,4.4349063215162765,27,150.45563657407408
300024,0,0,0,0,0,0,0,0,1,0,0,100.0,6.30517893611111,0.0,0.0,1.9607843137254901,1.9607843137254901,0.0,0.0,0.0,1.9607843137254901,0.9803921568627451,86.27450980392157,0.0,0.0,0.9803921568627451,0.0,0.0,0.0,5.88235294117647,0.0,88.0,0.0,86,6.358055555555556,0.0,1,38.90083333333333
300025,0,1,0,0,0,0,0,0,0,0,1,94.3716268311488,5.526309063541667,5.67746686706415,0.06238303181534623,1.0605115408608858,2.6200873362445414,0.43668122270742354,0.12476606363069245,0.37429819089207733,2.9320024953212727,1.122894572676232,80.91079226450405,0.12476606363069245,0.12476606363069245,0.43668122270742354,0.0,0.06238303181534623,0.8109794135995009,8.671241422333125,0.12476606363069245,81.0625,82.79007086199005,956,5.454809027777778,5.664443151924672,16,76.6900462962963
32,1,1,0,1,0,0,0,0,0,0,0,41.25,1.8376939953703706,0.999535367105869,0.0,0.0,6.60377358490566,1.8867924528301887,0.0,0.0,2.8301886792452833,0.9433962264150944,75.47169811320755,2.8301886792452833,0.0,0.0,0.0,0.9433962264150944,0.9433962264150944,6.60377358490566,0.9433962264150944,26.666666666666668,14.571661996262929,77,1.8141666666666667,1.0429633041021644,3,21.590891203703702
33,0,1,0,0,0,0,0,0,1,0,0,100.0,7.192357737268519,7.126238632988376,0.06540222367560497,2.027468933943754,2.158273381294964,1.0464355788096795,0.06540222367560497,0.45781556572923476,3.924133420536298,1.3734466971877044,82.21059516023544,0.06540222367560497,0.13080444735120994,0.7194244604316548,0.0,0.0,0.5886200130804448,5.166775670372792,0.0,104.75,101.86187171405653,922,7.119884259259259,7.117179216770096,12,162.89256944444443
34,0,1,0,0,0,0,0,0,1,0,0,0.0,1.1973226435185187,0.2118833231916703,0.0,0.0,5.47945205479452,0.0,0.0,0.0,10.95890410958904,4.10958904109589,72.6027397260274,4.10958904109589,0.0,0.0,0.0,0.0,0.0,2.73972602739726,0.0,17.666666666666668,3.2145502536643185,54,1.1403703703703705,0.2284072152255226,3,71.14295138888889
35,0,0,0,0,0,0,0,0,1,0,0,51.86335403726709,3.1372257088734568,4.33731896741217,0.24937655860349126,1.546134663341646,3.192019950124688,0.4987531172069825,0.14962593516209477,0.4488778054862843,4.488778054862843,1.2468827930174564,80.29925187032418,2.7431421446384037,0.04987531172069825,0.3491271820448878,0.0997506234413965,0.0997506234413965,0.6982543640897756,3.541147132169576,0.29925187032418954,44.72222222222222,61.40293669622516,1099,2.900986842105263,4.268642724502541,38,75.46339120370371
36,0,0,0,0,0,0,0,0,0,0,1,64.42141623488774,4.381724727314815,6.578994482990513,0.07147962830593281,2.501786990707648,1.6440314510364546,0.21443888491779842,0.07147962830593281,0.5003573981415297,3.073624017155111,1.2151536812008579,82.77340957827019,2.4303073624017157,0.0,0.28591851322373124,0.0,0.07147962830593281,0.8577555396711937,3.7884203002144385,0.5003573981415297,64.33333333333333,96.80544466943509,861,3.889819444444444,6.355031701432354,20,108.1974537037037
37,0,1,0,0,0,0,0,0,0,0,1,96.95467422096317,7.037741490674606,7.768534316648227,0.23781212841854932,1.9619500594530321,2.199762187871581,0.7728894173602854,0.178359096313912,0.2972651605231867,3.4482758620689653,0.7728894173602854,83.94768133174792,0.23781212841854932,0.178359096313912,0.535077288941736,0.0,0.05945303210463733,0.6539833531510106,4.4589774078478,0.05945303210463733,100.85714285714286,109.08984098711211,1018,6.546851851851852,7.745991783422426,15,94.56951388888889
38,0,1,0,0,0,0,0,0,1,0,0,94.55370650529501,5.6869177680555545,6.7851931934672045,0.06369426751592357,1.337579617834395,1.910828025477707,0.5732484076433121,0.1910828025477707,0.7643312101910829,3.694267515923567,0.89171974522293,84.20382165605096,0.12738853503184713,0.06369426751592357,0.445859872611465,0.06369426751592357,0.06369426751592357,1.337579617834395,4.140127388535031,0.12738853503184713,82.625,96.10887922906326,940,5.704791666666668,6.8328410952639285,16,75.06532407407407
39,0,0,0,0,0,0,0,0,0,0,1,82.34191452136966,5.369889200593311,7.081114636365988,0.16611295681063123,1.2666112956810631,2.4916943521594686,0.757890365448505,0.07267441860465117,0.4775747508305648,3.685631229235881,1.287375415282392,83.07724252491694,1.3289036544850499,0.06229235880398671,0.3633720930232558,0.031146179401993355,0.04152823920265781,0.7163621262458472,4.028239202657807,0.14534883720930233,77.68932038834951,101.95645255775162,3545,5.110098650051921,7.006698335904368,107,168.92145833333333
4,0,1,0,0,0,0,1,0,0,0,0,94.53125,6.390657088131309,8.764919338284988,0.2457002457002457,1.8837018837018837,2.4160524160524157,0.85995085995086,0.16380016380016382,0.4914004914004914,3.276003276003276,0.9828009828009828,83.86568386568388,0.16380016380016382,0.08190008190008191,0.4095004095004095,0.0,0.040950040950040956,1.0647010647010646,3.8902538902538906,0.16380016380016382,93.0909090909091,126.27517536483532,1343,6.322310606060605,8.766837632027372,22,62.79774305555556
40,0,0,0,0,1,0,0,0,0,0,0,72.63450834879406,4.24485838496732,3.8837390363091804,0.15128593040847202,1.739788199697428,2.950075642965204,0.15128593040847202,0.0,0.680786686838124,3.40393343419062,0.9833585476550681,81.54311649016641,1.739788199697428,0.15128593040847202,0.529500756429652,0.0,0.07564296520423601,0.8320726172465961,4.992435703479576,0.07564296520423601,63.411764705882355,57.55438604434224,826,4.1911764705882355,3.893314979426396,17,78.96927083333334
41,0,0,0,0,0,0,0,0,0,0,1,100.0,10.96990947083333,11.121492581051347,0.13513513513513514,1.6216216216216217,2.7477477477477477,1.0360360360360361,0.04504504504504504,0.8558558558558558,2.8828828828828827,0.9009009009009009,85.3153153153153,0.04504504504504504,0.13513513513513514,0.40540540540540543,0.0,0.0,0.45045045045045046,3.423423423423423,0.0,157.83333333333334,162.4784367977561,1320,10.961203703703704,11.159771925639243,12,110.77247685185185
42,0,0,0,0,0,0,0,0,0,0,1,97.22921914357683,5.974207087601625,4.686088669792696,0.14094432699083861,1.221517500587268,2.443035001174536,0.8691566831101715,0.1644350481559784,0.46981442330279544,4.1343669250646,1.03359173126615,83.93234672304439,0.23490721165139772,0.1644350481559784,0.6577401926239136,0.0,0.02349072116513977,0.5872680291284942,3.8994597134132016,0.02349072116513977,87.14634146341463,68.40342132364789,2074,5.492712765957448,5.0428513583992505,47,67.11364583333334
43,0,0,0,0,0,0,0,0,1,0,0,0.0,2.9973404597222215,3.0002328946013366,0.0,1.25,1.6666666666666667,0.0,0.0,0.0,5.833333333333333,1.6666666666666667,73.75,7.5,0.0,2.083333333333333,0.0,0.0,0.8333333333333334,5.0,0.4166666666666667,44.25,42.83592728851176,165,3.5386111111111114,3.2886794540423563,4,65.93375
44,0,0,0,0,0,0,0,0,1,0,0,99.53379953379954,9.848619327777783,12.91929087711349,0.5859375,1.5625,1.953125,0.1953125,0.0,1.171875,2.9296875,1.171875,83.7890625,0.0,0.1953125,0.78125,0.0,0.1953125,0.390625,4.8828125,0.1953125,143.0,189.38848961856155,372,9.772314814814814,12.890710701984718,3,37.099016203703705
45,0,0,0,0,1,0,0,0,0,0,0,88.74663072776279,6.798856054814816,8.047866711519719,0.16891891891891891,1.2387387387387387,2.421171171171171,1.0135135135135136,0.0,0.28153153153153154,3.65990990990991,1.0698198198198199,83.55855855855856,0.7319819819819819,0.22522522522522523,0.8445945945945946,0.0,0.05630630630630631,0.7319819819819819,3.772522522522523,0.22522522522522523,98.93333333333334,116.10676531701739,1058,6.329756944444444,7.96135738800987,16,81.08318287037036
46,0,0,0,0,0,0,0,0,1,0,0,89.2156862745098,6.382216469444443,5.036517967572157,0.26785714285714285,1.607142857142857,2.6785714285714284,0.5357142857142857,0.0,0.26785714285714285,4.196428571428571,1.1607142857142858,81.96428571428571,1.1607142857142858,0.17857142857142858,0.8928571428571428,0.0,0.08928571428571429,0.9821428571428571,3.9285714285714284,0.08928571428571429,91.8,74.04172997558727,711,6.300777777777779,5.028028204321928,10,63.271076388888886
47,0,1,0,0,0,0,0,0,1,0,0,0.0,1.7006244840277778,1.7501562277956326,0.0,0.0,1.1952191235059761,0.0,0.0,0.398406374501992,4.382470119521913,1.593625498007968,80.47808764940238,5.9760956175298805,0.0,1.1952191235059761,0.0,0.0,0.796812749003984,3.9840637450199203,0.0,25.25,25.437598718657163,193,1.4546604938271606,1.7135651300193537,9,131.6851736111111
49,0,1,0,0,0,0,0,0,0,1,0,83.94077448747153,5.994345044999999,6.456193832632655,0.0,2.016498625114574,2.566452795600367,1.2832263978001834,0.36663611365719523,0.7332722273143905,4.491292392300641,0.916590284142988,80.47662694775435,1.008249312557287,0.27497708524289644,0.5499541704857929,0.09165902841429881,0.09165902841429881,0.6416131989000917,4.307974335472044,0.18331805682859761,87.8,93.08872708932651,685,5.939277777777777,6.454047285078155,10,107.2444675925926
5,0,1,0,0,0,0,0,0,0,0,1,0.0,2.1958359433333334,1.37698191568262,0.0,1.3761467889908259,3.669724770642202,0.0,0.0,0.9174311926605505,6.422018348623854,1.834862385321101,73.85321100917432,5.045871559633028,0.45871559633027525,0.45871559633027525,0.0,0.0,0.0,5.045871559633028,0.9174311926605505,32.2,18.97893569197177,155,1.7698611111111113,1.491823504583287,6,48.39195601851852
50,0,0,0,0,0,0,0,0,0,0,1,27.236580516898606,4.262197069791666,2.9700886545985603,0.30721966205837176,1.3824884792626728,1.8433179723502304,0.30721966205837176,0.30721966205837176,1.0752688172043012,3.840245775729647,0.9216589861751152,77.2657450076805,5.683563748079877,0.4608294930875576,1.3824884792626728,0.0,0.15360983102918588,0.4608294930875576,4.147465437788019,0.4608294930875576,62.875,43.858335256010015,424,4.404583333333333,3.114783741406764,8,75.44710648148148
51,1,1,0,0,0,0,0,0,0,0,1,100.0,14.535440077777778,11.600663366034107,0.08123476848090982,1.1372867587327375,2.1121039805036554,0.934199837530463,0.04061738424045491,0.487408610885459,3.0463038180341186,0.974817221770918,85.74329813160033,0.0,0.04061738424045491,0.487408610885459,0.0,0.0,0.8529650690495532,4.061738424045491,0.0,211.1,168.1483802413148,1386,14.539277777777775,11.671992558014606,10,19.455844907407407
52,0,0,0,0,0,0,0,0,0,0,1,76.88766114180478,4.952340875740743,6.3495878232584975,0.293470286133529,2.93470286133529,2.421129860601614,0.7336757153338225,0.0,0.5135730007336757,3.9618488628026407,1.467351430667645,79.67718268525313,2.127659574468085,0.1467351430667645,0.8070432868672046,0.0,0.07336757153338225,0.6603081438004402,3.9618488628026407,0.22010271460014674,72.4,92.10692544149823,810,5.55025925925926,6.812904814976547,15,102.24886574074074
53,1,1,0,0,0,0,0,0,1,0,0,80.29782359679267,5.702792077910051,7.417322810577363,0.19398642095053348,1.212415130940834,2.2308438409311346,0.6304558680892337,0.09699321047526674,0.533462657613967,3.055286129970902,0.921435499515034,84.67507274490785,1.212415130940834,0.1454898157129001,0.6789524733268671,0.0,0.04849660523763337,0.7759456838021339,3.3462657613967024,0.24248302618816686,83.14285714285714,108.06955432233711,1199,5.364873737373737,7.320435402596797,22,53.01773148148148
54,1,0,0,0,0,0,0,0,0,0,1,84.54769447377683,5.645594599523808,6.7241639034102025,0.1455604075691412,0.9606986899563319,2.096069868995633,1.1353711790393013,0.029112081513828242,0.4949053857350801,3.755458515283843,1.0480349344978166,82.70742358078603,1.3682678311499272,0.08733624454148471,0.4949053857350801,0.029112081513828242,0.029112081513828242,0.8442503639010189,4.745269286754003,0.029112081513828242,81.17142857142858,98.4110484335042,1745,5.371493993993996,6.722524606551977,37,110.75168981481481
55,0,1,0,0,0,0,0,0,1,0,0,18.635170603674542,2.44746263510101,4.141861970763486,0.2044989775051125,1.6359918200409,2.658486707566462,0.0,0.2044989775051125,0.81799591002045,4.08997955010225,1.2269938650306749,77.91411042944786,5.930470347648262,0.0,0.2044989775051125,0.0,0.2044989775051125,1.0224948875255624,3.476482617586912,0.408997955010225,34.63636363636363,58.59739367458714,344,2.705757575757576,4.719052061856707,11,71.66560185185185
56,0,1,0,0,0,0,0,0,1,0,0,56.403269754768395,2.5210301173611107,2.7078996620842157,0.5235602094240838,2.1989528795811517,2.094240837696335,1.0471204188481675,0.10471204188481677,0.9424083769633508,5.130890052356021,1.256544502617801,76.8586387434555,1.9895287958115182,0.41884816753926707,0.9424083769633508,0.0,0.10471204188481677,0.7329842931937173,5.130890052356021,0.5235602094240838,36.7,39.78640339031467,572,2.341190476190476,2.6956023502036204,21,67.95305555555555
57,0,1,0,0,0,0,0,0,1,0,0,0.0,2.9494472680555552,0.46929994905725847,0.0,0.0,0.0,0.0,0.0,0.8928571428571428,3.571428571428571,1.7857142857142856,82.14285714285714,5.357142857142857,0.8928571428571428,0.8928571428571428,0.0,0.0,1.7857142857142856,2.6785714285714284,0.0,46.0,7.0710678118654755,90,2.876666666666667,0.47886842570355614,2,87.79336805555556
58,1,1,0,0,1,0,0,0,0,0,0,93.74262101534829,9.760106186805555,7.483380827688403,0.0,0.9382716049382716,2.4691358024691357,0.8888888888888888,0.0,0.6419753086419753,3.4074074074074074,1.037037037037037,83.65432098765432,0.5432098765432098,0.09876543209876544,0.5432098765432098,0.0,0.04938271604938272,0.9876543209876543,4.6419753086419755,0.09876543209876544,141.16666666666666,109.12031169421404,1160,9.69650462962963,7.483433784522176,12,26.22980324074074
59,0,1,0,0,0,0,0,0,0,0,1,81.21546961325967,8.35346265138889,5.5553893706540745,0.0,1.834862385321101,1.6055045871559634,1.0321100917431194,0.45871559633027525,0.34403669724770647,3.784403669724771,1.0321100917431194,83.02752293577981,1.261467889908257,0.0,0.45871559633027525,0.11467889908256881,0.22935779816513763,1.0321100917431194,3.4403669724770642,0.34403669724770647,120.66666666666667,79.69859890027344,579,7.6213492063492065,6.354680283691423,7,64.60553240740741
6,0,1,0,0,0,0,0,0,1,0,0,98.06900918012029,9.939855095833334,9.962175131477718,0.07976601967561818,1.0901356022334485,2.206859877692103,1.0901356022334485,0.10635469290082426,0.6381281574049454,3.5097048657272,1.2762563148098909,83.99361871842595,0.23929805902685458,0.05317734645041213,0.452007444828503,0.0,0.026588673225206066,0.8242488699813879,4.387131082159,0.026588673225206066,143.5909090909091,145.34119433444454,1869,9.127708333333334,10.016735216383072,24,256.3776736111111
60,0,1,0,0,0,0,0,0,1,0,0,98.47931873479318,6.36298612777778,5.633077341571305,0.15384615384615385,1.3846153846153846,2.9743589743589745,1.0769230769230769,0.10256410256410256,0.358974358974359,3.3846153846153846,0.9230769230769231,84.3076923076923,0.15384615384615385,0.0,0.3076923076923077,0.0,0.05128205128205128,0.46153846153846156,4.3076923076923075,0.05128205128205128,91.33333333333333,81.50712707920628,1138,6.345246913580247,5.653579816468902,18,71.48456018518519
61,0,1,0,1,0,0,0,0,0,0,0,66.70776818742293,5.942877324707599,8.622551905076246,0.05060728744939271,1.3157894736842104,2.5303643724696356,0.5060728744939271,0.10121457489878542,0.5060728744939271,3.7955465587044532,1.1133603238866396,82.08502024291498,2.479757085020243,0.05060728744939271,0.4554655870445344,0.10121457489878542,0.10121457489878542,0.5566801619433198,3.9473684210526314,0.30364372469635625,85.36842105263158,124.56823677822163,1094,7.194108187134505,10.002358858268698,19,72.211875
62,0,1,0,0,0,0,0,0,0,0,1,100.0,13.720072393750003,12.034352558219824,0.15932023366967604,1.8056293149229952,2.0711630377057886,0.4779607010090282,0.21242697822623471,0.5310674455655868,3.2395114179500797,1.0621348911311737,84.49283058948487,0.05310674455655868,0.10621348911311736,0.5841741901221456,0.0,0.0,1.1152416356877324,4.089219330855019,0.0,198.875,175.0252532799604,1102,13.614965277777777,11.991568545911868,8,134.06662037037037
63,0,0,0,0,0,0,0,0,0,0,1,0.0,6.431067497222224,0.0,0.0,0.0,0.9345794392523363,0.0,0.0,0.0,1.8691588785046727,0.0,81.30841121495327,4.672897196261682,0.9345794392523363,0.9345794392523363,0.0,0.0,2.803738317757009,5.607476635514018,0.9345794392523363,87.0,0.0,84,6.385555555555555,0.0,1,39.33960648148148
64,0,1,0,0,0,0,0,0,1,0,0,0.0,1.0676249768518515,1.0667723125987862,0.0,7.352941176470589,1.4705882352941175,0.0,0.0,1.4705882352941175,10.294117647058822,4.411764705882353,67.64705882352942,1.4705882352941175,0.0,0.0,0.0,0.0,0.0,5.88235294117647,0.0,15.333333333333334,15.044378795195678,47,0.9999074074074074,1.0646205901769923,3,49.15244212962963
65,0,1,0,0,0,1,0,0,0,0,0,94.7468054898249,6.683811937121212,6.039253835365835,0.2358490566037736,2.083333333333333,2.6729559748427674,0.7861635220125787,0.0,0.511006289308176,3.1446540880503147,0.8254716981132075,83.05817610062893,0.3144654088050315,0.2751572327044025,0.9040880503144654,0.0,0.039308176100628936,0.6682389937106918,4.363207547169811,0.1179245283018868,96.04545454545455,87.51678874186547,1378,6.402910628019324,6.088395302326412,23,71.10780092592593
66,0,0,0,0,0,0,0,0,0,0,1,68.03827751196172,3.6184238938888904,3.6704956665712998,0.0,1.8633540372670807,2.950310559006211,0.6987577639751553,0.0,0.2329192546583851,3.4161490683229814,1.4751552795031055,81.13354037267081,2.717391304347826,0.15527950310559005,0.38819875776397517,0.0,0.07763975155279502,0.6211180124223602,4.037267080745342,0.2329192546583851,52.25,53.67727638395972,807,3.3740873015873025,3.6433754467751496,21,125.62591435185185
67,0,1,0,0,0,0,0,0,1,0,0,84.97267759562843,6.323466029166667,5.0543425445117585,0.22692889561270801,1.059001512859304,2.798789712556732,0.9833585476550681,0.0,0.6051437216338881,2.950075642965204,1.2102874432677762,83.05597579425114,1.2859304084720122,0.07564296520423601,0.680786686838124,0.0,0.07564296520423601,0.7564296520423601,4.084720121028744,0.15128593040847202,91.5,73.97604034722693,825,5.7904273504273505,5.14929704316794,13,138.89282407407407
68,0,0,0,0,0,0,0,0,1,0,0,0.0,0.9832906902777779,0.7588840800907252,0.0,14.583333333333334,0.0,0.0,0.0,0.0,6.25,4.166666666666666,60.416666666666664,8.333333333333332,0.0,0.0,0.0,0.0,0.0,4.166666666666666,2.083333333333333,14.5,12.020815280171307,30,1.062361111111111,0.7120172449447876,2,100.0112962962963
69,0,0,0,0,0,0,0,0,0,0,1,97.33333333333334,8.82913659382716,8.270113865858235,0.22354694485842028,0.8941877794336811,2.459016393442623,0.6706408345752608,0.29806259314456035,0.5216095380029807,3.651266766020864,0.7451564828614009,83.83010432190761,0.22354694485842028,0.07451564828614009,0.22354694485842028,0.0,0.07451564828614009,0.6706408345752608,5.365126676602086,0.07451564828614009,125.0,116.83535423834688,866,8.778086419753087,8.27700901823203,9,71.42444444444445
7,0,1,0,0,0,0,0,0,0,0,1,0.0,1.5092891706349203,1.7372572756564078,0.0,0.4975124378109453,2.4875621890547266,0.0,0.4975124378109453,0.4975124378109453,4.975124378109453,1.4925373134328357,74.6268656716418,7.960199004975125,0.4975124378109453,1.4925373134328357,0.0,0.0,0.4975124378109453,3.482587064676617,0.9950248756218906,21.428571428571427,23.859709015109853,143,1.4606746031746032,1.7396404190170895,7,72.77818287037037
70,1,1,0,0,0,0,0,0,0,0,1,94.49664429530202,5.727483657407408,4.1371315505627395,0.1128031584884377,1.4664410603496898,2.3124647490129724,0.7332205301748449,0.1128031584884377,0.5076142131979695,2.9892836999435985,0.9588268471517203,84.03835307388607,0.2256063169768754,0.2256063169768754,0.39481105470953193,0.0,0.05640157924421885,0.676818950930626,5.0761421319796955,0.1128031584884377,82.77777777777777,58.577807035806515,1063,5.661882716049382,4.117727461117478,18,145.73800925925926
71,0,1,0,0,0,0,0,0,1,0,0,72.34848484848484,4.547882848611111,4.236715992783368,0.303951367781155,2.735562310030395,1.5197568389057752,0.911854103343465,0.303951367781155,0.303951367781155,3.64741641337386,1.5197568389057752,80.24316109422493,1.82370820668693,0.0,0.0,0.0,0.303951367781155,1.21580547112462,4.25531914893617,0.911854103343465,66.0,58.35523398405094,249,4.458194444444445,4.2094735070778295,4,52.761180555555555
72,0,0,0,0,0,0,0,0,1,0,0,0.0,5.544733061111111,0.0,0.0,2.564102564102564,2.564102564102564,0.0,0.8547008547008548,0.0,4.273504273504273,0.8547008547008548,72.64957264957265,8.547008547008547,0.0,0.0,0.0,0.0,0.8547008547008548,5.128205128205128,1.7094017094017095,85.0,0.0,83,5.571944444444444,0.0,1,124.55060185185185
73,1,0,0,0,0,0,0,0,0,0,1,96.81697612732096,4.362979235185185,3.2976820877752906,0.21978021978021978,2.417582417582418,2.417582417582418,0.21978021978021978,0.21978021978021978,0.8791208791208791,3.296703296703297,1.5384615384615385,82.85714285714286,0.21978021978021978,0.21978021978021978,0.43956043956043955,0.0,0.21978021978021978,1.5384615384615385,3.076923076923077,0.21978021978021978,62.833333333333336,49.53147147689705,335,4.318194444444445,3.305758895473171,6,49.76208333333334
74,0,0,0,0,0,0,0,0,1,0,0,88.16666666666667,7.599307469191921,6.840163874054622,0.13855213023900242,1.489435400069276,2.7710426047800487,1.0737790093522688,0.034638032559750606,0.4502944232767579,2.9095947350190507,0.8659508139937652,83.13127814340146,0.7620367163145133,0.034638032559750606,0.5888465535157603,0.034638032559750606,0.06927606511950121,0.8659508139937652,4.676134395566332,0.10391409767925182,109.0909090909091,98.66967937368413,1558,7.211473429951692,6.870170651752008,23,71.22346064814815
75,0,0,0,0,0,0,0,0,0,1,0,100.0,7.006082449999999,7.313201163064184,0.3134796238244514,2.19435736677116,2.8213166144200628,0.8359456635318705,0.10449320794148381,0.20898641588296762,2.2988505747126435,0.522466039707419,84.84848484848484,0.10449320794148381,0.0,0.3134796238244514,0.0,0.0,0.41797283176593525,5.015673981191222,0.0,101.5,106.13872324193734,647,6.939166666666667,7.2964381893717665,8,68.92494212962963
76,0,1,0,0,0,0,0,0,1,0,0,0.0,2.464347476388889,1.1375988275014863,0.3676470588235294,1.1029411764705883,1.4705882352941175,0.0,0.3676470588235294,0.7352941176470588,4.411764705882353,2.2058823529411766,77.94117647058823,5.514705882352941,0.0,0.0,0.0,0.0,0.7352941176470588,4.779411764705882,0.3676470588235294,35.333333333333336,16.415439886480858,197,4.009120370370371,1.870967494295915,6,56.86383101851852
77,0,0,0,0,0,0,0,0,0,0,1,92.93218720152817,10.409869339285711,10.74736120504293,0.4882017900732303,0.6509357200976403,1.8714401952807163,0.7323026851098454,0.0,0.40683482506102525,4.393816110659072,1.2205044751830758,85.19121236777868,0.4882017900732303,0.0,0.16273393002441008,0.08136696501220504,0.08136696501220504,0.32546786004882017,3.7428803905614325,0.16273393002441008,149.57142857142858,151.97681527441077,809,9.094548611111112,10.643747472105156,8,65.07229166666667
78,0,0,0,0,0,0,0,0,0,0,1,0.0,1.9288401833333337,1.6999062226408141,0.0,0.6172839506172839,2.7777777777777777,0.0,0.0,0.30864197530864196,4.938271604938271,2.7777777777777777,78.39506172839506,4.938271604938271,0.0,0.6172839506172839,0.0,0.0,0.9259259259259258,3.3950617283950617,0.30864197530864196,28.22222222222222,24.888640871780133,227,1.8887345679012344,1.6910832561715703,9,60.588310185185186
79,0,1,0,1,0,0,0,0,0,0,0,28.68525896414343,3.5349995733333337,3.1413450580880475,0.6230529595015576,0.9345794392523363,1.8691588785046727,0.6230529595015576,0.0,0.0,4.361370716510903,1.2461059190031152,78.19314641744548,5.29595015576324,0.3115264797507788,0.3115264797507788,0.0,0.3115264797507788,0.6230529595015576,4.049844236760125,1.2461059190031152,50.2,45.3453415468447,227,3.465166666666667,3.133030992850293,5,76.06190972222223
8,0,0,0,0,0,0,0,0,0,0,1,0.0,2.515616345634921,2.8231537038345476,0.29940119760479045,1.4970059880239521,1.7964071856287425,0.0,0.5988023952095809,0.0,6.287425149700598,2.3952095808383236,75.1497005988024,5.389221556886228,0.0,0.0,0.0,0.0,0.8982035928143712,4.790419161676647,0.8982035928143712,35.857142857142854,40.10165653863761,231,2.4480158730158728,2.8122823803716535,7,114.99788194444444
80,0,0,0,0,0,0,0,0,1,0,0,0.0,2.071088512268519,1.8023246505221244,0.42194092827004215,1.89873417721519,2.7426160337552745,0.0,0.0,0.8438818565400843,4.852320675105485,1.6877637130801686,77.42616033755274,4.641350210970464,0.21097046413502107,1.2658227848101267,0.0,0.0,0.8438818565400843,2.320675105485232,0.8438818565400843,30.583333333333332,25.713308663496466,327,2.053356481481481,1.7888505370219665,12,58.53869212962963
81,0,1,0,0,0,0,0,0,1,0,0,98.53090172239108,7.278477235526317,7.032768347973811,0.1284796573875803,0.9850107066381156,2.1841541755888647,1.113490364025696,0.042826552462526764,0.5139186295503212,3.340471092077088,0.8993576017130621,84.53961456102785,0.29978586723768735,0.29978586723768735,0.8993576017130621,0.042826552462526764,0.042826552462526764,0.5995717344753747,4.025695931477516,0.042826552462526764,103.89473684210526,101.4297210096408,1308,7.213786549707604,7.033811392907518,19,98.71303240740741
82,0,0,0,0,0,0,0,0,1,0,0,75.54252199413489,7.377305400347222,9.25931660845294,0.14641288433382138,1.4153245485602732,2.5866276232308443,0.634455832113226,0.09760858955588092,0.43923865300146414,3.806734992679356,1.0736944851146901,83.21132259638848,0.7320644216691069,0.0,0.5368472425573451,0.0,0.04880429477794046,0.9760858955588092,4.099560761346998,0.19521717911176184,106.5625,134.09845574552054,1174,6.912156862745097,9.126346565054199,17,74.40032407407408
83,0,1,0,0,0,1,0,0,0,0,0,77.7327935222672,3.1626662799382723,3.799218736298865,0.06684491978609625,1.2032085561497325,1.8716577540106951,0.9358288770053476,0.2005347593582888,0.6684491978609626,3.8770053475935833,0.8689839572192514,82.55347593582889,1.2700534759358288,0.1336898395721925,0.7352941176470588,0.0,0.06684491978609625,0.6684491978609626,4.612299465240642,0.267379679144385,45.74074074074074,54.942342220376524,927,2.9854464285714286,3.770525410007005,28,124.14094907407407
84,0,0,0,0,0,0,0,0,0,0,1,0.0,1.6769928555555556,0.8128144237326528,0.0,0.0,2.0618556701030926,0.0,0.0,1.0309278350515463,4.123711340206185,3.0927835051546393,75.25773195876289,10.309278350515463,0.0,0.0,0.0,0.0,0.0,4.123711340206185,0.0,24.333333333333332,10.598742063723098,70,1.5916666666666668,0.7994556886708283,3,52.468148148148146
85,0,1,0,0,0,0,0,0,1,0,0,86.83628318584071,6.313117865902779,8.450705893938764,0.13729977116704806,1.3272311212814645,2.471395881006865,0.9610983981693364,0.045766590389016024,0.5491990846681922,3.592677345537757,1.2356979405034325,82.74599542334096,0.7551487414187643,0.06864988558352403,0.5720823798627002,0.045766590389016024,0.06864988558352403,0.8695652173913043,4.393592677345538,0.16018306636155605,90.4,119.84579836029039,2125,6.180772357723577,8.493954032949484,41,109.60453703703703
86,0,1,0,0,0,0,0,0,0,0,1,74.76923076923076,4.442684602222222,4.148854172485613,0.12224938875305623,2.2004889975550124,2.444987775061125,0.7334963325183375,0.12224938875305623,0.9779951100244498,4.400977995110025,1.466992665036675,79.46210268948656,1.1002444987775062,0.24449877750611246,1.3447432762836184,0.0,0.12224938875305623,0.9779951100244498,4.156479217603912,0.12224938875305623,65.0,61.2934653033167,544,4.392555555555555,4.151824728163293,10,135.0992476851852
87,1,1,0,0,0,0,0,0,0,0,1,17.731421121251632,2.1515551014444445,1.8669846583500587,0.0999000999000999,2.697302697302697,1.898101898101898,0.0999000999000999,0.0,0.7992007992007992,5.594405594405594,1.898101898101898,76.62337662337663,4.9950049950049955,0.0,0.7992007992007992,0.0,0.0999000999000999,0.4995004995004995,3.196803196803197,0.6993006993006993,30.68,26.671957808404944,623,2.0936777777777773,1.8593436540394768,25,59.125856481481485
88,0,0,0,0,0,0,0,0,0,0,1,89.73105134474328,5.493823270726496,7.022476366259709,0.2839756592292089,1.1359026369168357,2.3529411764705883,0.7302231237322515,0.04056795131845842,0.5679513184584178,3.4482758620689653,1.054766734279919,82.96146044624746,0.9330628803245435,0.08113590263691683,0.5679513184584178,0.0,0.04056795131845842,0.8113590263691683,4.949290060851927,0.04056795131845842,78.65384615384616,100.59898301978696,1359,5.498771367521368,7.053683523816106,26,76.18290509259259
89,0,1,0,0,0,0,0,0,0,0,1,88.00599700149925,9.210574401666664,11.628008121912092,0.24968789013732834,1.7478152309612984,1.4981273408239701,0.24968789013732834,0.0,0.6242197253433208,3.3707865168539324,0.8739076154806492,83.270911360799,1.6229712858926344,0.37453183520599254,1.2484394506866416,0.0,0.12484394506866417,0.7490636704119851,3.7453183520599254,0.24968789013732834,133.4,169.17830830221703,546,9.182666666666666,11.620074938401821,5,69.41987268518518
9,0,1,0,0,0,0,0,0,0,0,1,93.04932735426009,6.15344460935185,4.298234988795509,0.2820432466311501,1.2535255405828893,2.413036665622062,1.0028204324663115,0.0940144155437167,0.4700720777185835,3.666562206204951,1.065496709495456,83.86085866499529,0.5014102162331557,0.031338138514572234,0.3760576621748668,0.031338138514572234,0.06267627702914447,1.0028204324663115,3.697900344719524,0.1880288310874334,89.2,62.232822030910945,1673,5.876281362007169,4.352891638396778,31,60.832430555555554
90,0,1,0,0,0,0,0,0,1,0,0,0.0,0.6584187895833332,0.6174098434449711,0.0,0.0,0.0,0.0,0.0,4.444444444444445,4.444444444444445,2.2222222222222223,82.22222222222221,6.666666666666667,0.0,0.0,0.0,0.0,0.0,0.0,0.0,9.25,8.180260794538684,38,0.49511111111111106,0.5996718688655004,5,101.98753472222222
91,0,1,0,0,1,0,0,0,0,0,0,95.15503875968993,19.746496319444457,23.04353070827294,0.16589250165892502,1.39349701393497,2.12342402123424,0.7299270072992701,0.09953550099535502,0.29860650298606506,2.9860650298606504,1.028533510285335,85.6005308560053,0.16589250165892502,0.033178500331785,0.3981420039814201,0.0,0.033178500331785,0.7962840079628402,4.11413404114134,0.033178500331785,286.6666666666667,337.84426885770904,1619,19.665,23.019357929090734,9,116.02526620370371
92,0,0,1,0,0,0,0,0,0,0,0,85.70227081581162,4.932186793551587,6.091381883859682,0.29045643153526973,1.5214384508990317,2.503457814661134,0.9405255878284924,0.04149377593360996,0.5532503457814661,3.67911479944675,1.0788381742738589,82.2268326417704,1.1756569847856155,0.13831258644536654,0.719225449515906,0.013831258644536652,0.013831258644536652,0.9958506224066389,4.0387275242047025,0.06915629322268327,70.77380952380952,86.9796197137792,2905,4.745203488372092,6.054084867345142,86,83.52885416666666
93,0,1,0,0,0,0,0,0,0,0,1,32.34375,3.6530551129629636,2.515766632518922,0.245398773006135,1.5950920245398774,2.085889570552147,0.36809815950920244,0.0,0.8588957055214724,3.8036809815950923,1.2269938650306749,78.52760736196319,5.276073619631902,0.1226993865030675,0.6134969325153374,0.0,0.1226993865030675,0.49079754601227,4.294478527607362,0.36809815950920244,53.333333333333336,37.640242809895355,510,3.6100000000000008,2.551812344232933,12,71.03246527777777
94,0,0,0,0,0,0,0,1,0,0,0,0.0,1.7318850675925928,1.445304381338121,0.53475935828877,0.53475935828877,1.6042780748663104,0.0,0.0,0.0,6.417112299465241,1.6042780748663104,78.07486631016043,6.417112299465241,0.53475935828877,1.06951871657754,0.0,0.0,0.53475935828877,2.13903743315508,0.53475935828877,24.333333333333332,18.80070920648119,140,1.6799537037037038,1.4234059572142168,6,132.30824074074073
95,0,0,0,0,0,0,0,0,1,0,0,63.16410861865407,3.8273794385304662,4.967340463485925,0.19129603060736491,1.5303682448589193,2.199904351984696,0.7173601147776184,0.23912003825920614,0.860832137733142,3.204208512673362,1.3390722142515543,81.01386896221904,2.391200382592061,0.0,0.47824007651841227,0.04782400765184123,0.0,1.1956001912960306,4.351984696317551,0.23912003825920614,54.645161290322584,70.750523384211,1154,3.526910774410774,4.883136400125022,33,62.26634259259259
96,0,0,0,0,0,0,0,0,1,0,0,90.17758046614873,6.615385647514621,10.314038962789086,0.13786764705882354,1.8382352941176472,2.389705882352941,0.9191176470588236,0.09191176470588235,0.4136029411764706,3.262867647058824,1.1029411764705883,82.8125,0.78125,0.04595588235294117,0.5974264705882353,0.04595588235294117,0.04595588235294117,1.1029411764705883,4.227941176470589,0.1838235294117647,94.84210526315789,146.17655350746793,1238,6.539488304093568,10.293773596941111,19,73.93668981481481
97,0,0,0,0,0,0,0,0,0,1,0,81.46835443037975,4.54843978101852,6.62630631790821,0.20798668885191346,1.3311148086522462,2.5374376039933444,0.7071547420965058,0.04159733777038269,0.7071547420965058,4.159733777038269,1.4143094841930115,82.15474209650583,0.9983361064891847,0.08319467554076539,0.49916805324459235,0.0,0.04159733777038269,0.49916805324459235,4.492512479201332,0.12479201331114809,65.83333333333333,97.16998377650599,1320,4.472166666666667,6.615344865013208,30,87.39342592592592
98,0,1,0,0,0,0,0,0,1,0,0,84.67305289462725,6.068471998710317,7.305675596234765,0.10377032168799724,1.5565548253199584,2.0062262193012796,0.8647526807333102,0.10377032168799724,0.5188516084399862,3.9778623313732275,1.349014181943964,83.05084745762711,1.0377032168799725,0.13836042891732964,0.4496713939813214,0.0,0.03459010722933241,0.7609823590453131,3.9778623313732275,0.06918021445866482,85.75,100.26838983448373,1535,6.175228174603174,7.430672736683635,28,63.409618055555555
99,0,0,0,0,0,0,0,0,0,0,1,79.00990099009901,3.2292394845959596,2.669945319818671,0.32573289902280134,1.9543973941368076,1.7915309446254073,0.32573289902280134,0.0,0.16286644951140067,3.908794788273615,1.4657980456026058,82.24755700325733,1.6286644951140066,0.0,0.4885993485342019,0.0,0.16286644951140067,0.8143322475570033,4.397394136807818,0.32573289902280134,45.90909090909091,39.8659116174572,425,3.1749494949494945,2.6618696576569367,11,133.00108796296297
